sep=,,,,,,,,,,,,,,,,,,,,,,,,,,,,,,,,,,,,,,,,,,,,,,,,,,,,,,,,,,,,,,,,,,,,,,,,,,,
Culture:,en-US,,,,,,,,,,,,,,,,,,,,,,,,,,,,,,,,,,,,,,,,,,,,,,,,,,,,,,,,,,,,,,,,,,,,,,,,,,
Date pattern short:,M/d/yyyy,,,,,,,,,,,,,,,,,,,,,,,,,,,,,,,,,,,,,,,,,,,,,,,,,,,,,,,,,,,,,,,,,,,,,,,,,,
Time pattern long:,h:mm:ss tt,,,,,,,,,,,,,,,,,,,,,,,,,,,,,,,,,,,,,,,,,,,,,,,,,,,,,,,,,,,,,,,,,,,,,,,,,,
Decimal separator:,.,,,,,,,,,,,,,,,,,,,,,,,,,,,,,,,,,,,,,,,,,,,,,,,,,,,,,,,,,,,,,,,,,,,,,,,,,,
Software version:,1.0.5,,,,,,,,,,,,,,,,,,,,,,,,,,,,,,,,,,,,,,,,,,,,,,,,,,,,,,,,,,,,,,,,,,,,,,,,,,
,,,,,,,,,,,,,,,,,,,,,,,,,,,,,,,,,,,,,,,,,,,,,,,,,,,,,,,,,,,,,,,,,,,,,,,,,,,
File location:,C:\Users\Autoresp\Documents\Presens_respirometry\F2_scallop_spat_2022\20220922_spat\SDR 799_9222022_102649 AM.csv,,,,,,,,,,,,,,,,,,,,,,,,,,,,,,,,,,,,,,,,,,,,,,,,,,,,,,,,,,,,,,,,,,,,,,,,,,
File creation time:,9/22/2022 10:27,,,,,,,,,,,,,,,,,,,,,,,,,,,,,,,,,,,,,,,,,,,,,,,,,,,,,,,,,,,,,,,,,,,,,,,,,,
SDR name:,SDR-799,,,,,,,,,,,,,,,,,,,,,,,,,,,,,,,,,,,,,,,,,,,,,,,,,,,,,,,,,,,,,,,,,,,,,,,,,,
Serial number,SEBX0008000799,,,,,,,,,,,,,,,,,,,,,,,,,,,,,,,,,,,,,,,,,,,,,,,,,,,,,,,,,,,,,,,,,,,,,,,,,,
MUX channel,ON - 01,,,,,,,,,,,,,,,,,,,,,,,,,,,,,,,,,,,,,,,,,,,,,,,,,,,,,,,,,,,,,,,,,,,,,,,,,,
,,,,,,,,,,,,,,,,,,,,,,,,,,,,,,,,,,,,,,,,,,,,,,,,,,,,,,,,,,,,,,,,,,,,,,,,,,,
PARAMETERS,,,,,,,,,,,,,,,,,,,,,,,,,,,,,,,,,,,,,,,,,,,,,,,,,,,,,,,,,,,,,,,,,,,,,,,,,,,
Sig LED current,40,,,,,,,,,,,,,,,,,,,,,,,,,,,,,,,,,,,,,,,,,,,,,,,,,,,,,,,,,,,,,,,,,,,,,,,,,,
Ref LED current,50,,,,,,,,,,,,,,,,,,,,,,,,,,,,,,,,,,,,,,,,,,,,,,,,,,,,,,,,,,,,,,,,,,,,,,,,,,
Frequency,60,,,,,,,,,,,,,,,,,,,,,,,,,,,,,,,,,,,,,,,,,,,,,,,,,,,,,,,,,,,,,,,,,,,,,,,,,,
Sending interval,0,,,,,,,,,,,,,,,,,,,,,,,,,,,,,,,,,,,,,,,,,,,,,,,,,,,,,,,,,,,,,,,,,,,,,,,,,,
Pulse lenght,6,,,,,,,,,,,,,,,,,,,,,,,,,,,,,,,,,,,,,,,,,,,,,,,,,,,,,,,,,,,,,,,,,,,,,,,,,,
Red REF comp.,ON,,,,,,,,,,,,,,,,,,,,,,,,,,,,,,,,,,,,,,,,,,,,,,,,,,,,,,,,,,,,,,,,,,,,,,,,,,
Temperature comp.,ON,,,,,,,,,,,,,,,,,,,,,,,,,,,,,,,,,,,,,,,,,,,,,,,,,,,,,,,,,,,,,,,,,,,,,,,,,,
,,,,,,,,,,,,,,,,,,,,,,,,,,,,,,,,,,,,,,,,,,,,,,,,,,,,,,,,,,,,,,,,,,,,,,,,,,,
FIRMWARE,,,,,,,,,,,,,,,,,,,,,,,,,,,,,,,,,,,,,,,,,,,,,,,,,,,,,,,,,,,,,,,,,,,,,,,,,,,
ver.4.039.A3.ST,"04/30/07, 09:14:36",,,,,,,,,,,,,,,,,,,,,,,,,,,,,,,,,,,,,,,,,,,,,,,,,,,,,,,,,,,,,,,,,,,,,,,,,,
,,,,,,,,,,,,,,,,,,,,,,,,,,,,,,,,,,,,,,,,,,,,,,,,,,,,,,,,,,,,,,,,,,,,,,,,,,,
SETTINGS,,,,,,,,,,,,,,,,,,,,,,,,,,,,,,,,,,,,,,,,,,,,,,,,,,,,,,,,,,,,,,,,,,,,,,,,,,,
Barometric pressure [hPa]:,1014,,,,,,,,,,,,,,,,,,,,,,,,,,,,,,,,,,,,,,,,,,,,,,,,,,,,,,,,,,,,,,,,,,,,,,,,,,
Temperature [°C]:,20.9,,,,,,,,,,,,,,,,,,,,,,,,,,,,,,,,,,,,,,,,,,,,,,,,,,,,,,,,,,,,,,,,,,,,,,,,,,
Salinity [‰]:,29,,,,,,,,,,,,,,,,,,,,,,,,,,,,,,,,,,,,,,,,,,,,,,,,,,,,,,,,,,,,,,,,,,,,,,,,,,
Organisms per chamber:,1,,,,,,,,,,,,,,,,,,,,,,,,,,,,,,,,,,,,,,,,,,,,,,,,,,,,,,,,,,,,,,,,,,,,,,,,,,
Chamber volume [µL]:,80,,,,,,,,,,,,,,,,,,,,,,,,,,,,,,,,,,,,,,,,,,,,,,,,,,,,,,,,,,,,,,,,,,,,,,,,,,
Oxygen unit:,milligramPerLiter,,,,,,,,,,,,,,,,,,,,,,,,,,,,,,,,,,,,,,,,,,,,,,,,,,,,,,,,,,,,,,,,,,,,,,,,,,
,,,,,,,,,,,,,,,,,,,,,,,,,,,,,,,,,,,,,,,,,,,,,,,,,,,,,,,,,,,,,,,,,,,,,,,,,,,
TREATMENTS,,,,,,,,,,,,,,,,,,,,,,,,,,,,,,,,,,,,,,,,,,,,,,,,,,,,,,,,,,,,,,,,,,,,,,,,,,,
ID,Name,Color,,,,,,,,,,,,,,,,,,,,,,,,,,,,,,,,,,,,,,,,,,,,,,,,,,,,,,,,,,,,,,,,,,,,,,,,,
X,Not set,#ff0e0ebe,,,,,,,,,,,,,,,,,,,,,,,,,,,,,,,,,,,,,,,,,,,,,,,,,,,,,,,,,,,,,,,,,,,,,,,,,
,,,,,,,,,,,,,,,,,,,,,,,,,,,,,,,,,,,,,,,,,,,,,,,,,,,,,,,,,,,,,,,,,,,,,,,,,,,
CALIBRATION,,,,,,,,,,,,,,,,,,,,,,,,,,,,,,,,,,,,,,,,,,,,,,,,,,,,,,,,,,,,,,,,,,,,,,,,,,,
Wells,A1,A2,A3,A4,A5,A6,B1,B2,B3,B4,B5,B6,C1,C2,C3,C4,C5,C6,D1,D2,D3,D4,D5,D6,,,,,,,,,,,,,,,,,,,,,,,,,,,,,,,,,,,,,,,,,,,,,,,,,,,
Phase low [°]:,54.08,54.43,53.63,52.12,53.21,54.45,54.35,51.9,54.03,53.82,52.58,54.3,54.18,54.16,53.16,52.46,53.89,54.19,54.27,54.2,54.18,54.35,53.27,53.83,,,,,,,,,,,,,,,,,,,,,,,,,,,,,,,,,,,,,,,,,,,,,,,,,,,
Phase high [°]:,47.45,47.62,47.79,47.43,47.29,46.8,47.78,47.73,47.74,47.43,46.73,46.78,47.19,47.7,46.92,46.6,47.59,47.38,47.63,46.79,46.81,47.59,46.83,47.63,,,,,,,,,,,,,,,,,,,,,,,,,,,,,,,,,,,,,,,,,,,,,,,,,,,
Temp. low [°C]:,24,23,23,23,23,23,23,23,23,23,23,23,23,23,23,23,23,23,23,23,23,23,23,23,,,,,,,,,,,,,,,,,,,,,,,,,,,,,,,,,,,,,,,,,,,,,,,,,,,
Temp. high [°C]:,20.9,20.9,20.9,20.9,20.9,20.9,20.9,20.9,20.9,20.9,20.9,20.9,20.9,20.9,20.9,20.9,20.9,20.9,20.9,20.9,20.9,20.9,20.9,20.9,,,,,,,,,,,,,,,,,,,,,,,,,,,,,,,,,,,,,,,,,,,,,,,,,,,
Treatment ID,X,X,X,X,X,X,X,X,X,X,X,X,X,X,X,X,X,X,X,X,X,X,X,X,,,,,,,,,,,,,,,,,,,,,,,,,,,,,,,,,,,,,,,,,,,,,,,,,,,
Treatment ID,X,X,X,X,X,X,X,X,X,X,X,X,X,X,X,X,X,X,X,X,X,X,X,X,,,,,,,,,,,,,,,,,,,,,,,,,,,,,,,,,,,,,,,,,,,,,,,,,,,
Treatment ID,X,X,X,X,X,X,X,X,X,X,X,X,X,X,X,X,X,X,X,X,X,X,X,X,,,,,,,,,,,,,,,,,,,,,,,,,,,,,,,,,,,,,,,,,,,,,,,,,,,
Treatment ID,X,X,X,X,X,X,X,X,X,X,X,X,X,X,X,X,X,X,X,X,X,X,X,X,,,,,,,,,,,,,,,,,,,,,,,,,,,,,,,,,,,,,,,,,,,,,,,,,,,
Treatment ID,X,X,X,X,X,X,X,X,X,X,X,X,X,X,X,X,X,X,X,X,X,X,X,X,,,,,,,,,,,,,,,,,,,,,,,,,,,,,,,,,,,,,,,,,,,,,,,,,,,
Treatment ID,X,X,X,X,X,X,X,X,X,X,X,X,X,X,X,X,X,X,X,X,X,X,X,X,,,,,,,,,,,,,,,,,,,,,,,,,,,,,,,,,,,,,,,,,,,,,,,,,,,
Treatment ID,X,X,X,X,X,X,X,X,X,X,X,X,X,X,X,X,X,X,X,X,X,X,X,X,,,,,,,,,,,,,,,,,,,,,,,,,,,,,,,,,,,,,,,,,,,,,,,,,,,
,,,,,,,,,,,,,,,,,,,,,,,,,,,,,,,,,,,,,,,,,,,,,,,,,,,,,,,,,,,,,,,,,,,,,,,,,,,
Date [DD-MM-YYYY],Time [HH:MM:SS],Time stamp,Relative time [HH:MM:SS],A1 [Phase],A2 [Phase],A3 [Phase],A4 [Phase],A5 [Phase],A6 [Phase],B1 [Phase],B2 [Phase],B3 [Phase],B4 [Phase],B5 [Phase],B6 [Phase],C1 [Phase],C2 [Phase],C3 [Phase],C4 [Phase],C5 [Phase],C6 [Phase],D1 [Phase],D2 [Phase],D3 [Phase],D4 [Phase],D5 [Phase],D6 [Phase],A1 [Amplitude],A2 [Amplitude],A3 [Amplitude],A4 [Amplitude],A5 [Amplitude],A6 [Amplitude],B1 [Amplitude],B2 [Amplitude],B3 [Amplitude],B4 [Amplitude],B5 [Amplitude],B6 [Amplitude],C1 [Amplitude],C2 [Amplitude],C3 [Amplitude],C4 [Amplitude],C5 [Amplitude],C6 [Amplitude],D1 [Amplitude],D2 [Amplitude],D3 [Amplitude],D4 [Amplitude],D5 [Amplitude],D6 [Amplitude],A1 [Oxygen],A2 [Oxygen],A3 [Oxygen],A4 [Oxygen],A5 [Oxygen],A6 [Oxygen],B1 [Oxygen],B2 [Oxygen],B3 [Oxygen],B4 [Oxygen],B5 [Oxygen],B6 [Oxygen],C1 [Oxygen],C2 [Oxygen],C3 [Oxygen],C4 [Oxygen],C5 [Oxygen],C6 [Oxygen],D1 [Oxygen],D2 [Oxygen],D3 [Oxygen],D4 [Oxygen],D5 [Oxygen],D6 [Oxygen]
9/22/2022,10:27:51 AM,1.33E+17,0:00:00,47.73,47.73,47.93,47.6,47.41,47.02,47.96,47.67,47.95,47.4,46.7,46.89,47.32,47.72,46.87,46.59,47.72,47.54,47.85,46.93,46.9,47.72,46.94,47.87,25277,26614,26038,25690,25426,28520,25927,25525,24517,26460,25125,29493,27692,26556,26041,30921,30141,33804,28325,23727,29669,29378,27262,33042,7.187,7.406,7.344,7.251,7.374,7.291,7.311,7.661,7.262,7.586,7.589,7.416,7.384,7.519,7.614,7.56,7.37,7.343,7.261,7.379,7.438,7.38,7.399,7.218
9/22/2022,10:28:06 AM,1.33E+17,0:00:15,47.79,47.74,47.96,47.6,47.45,47.01,47.99,47.69,48,47.43,46.71,46.92,47.37,47.69,46.9,46.58,47.76,47.57,47.87,46.98,46.93,47.74,46.92,47.91,25305,26586,25995,25588,25332,28438,25919,25477,24534,26460,25162,29529,27717,26566,26041,30748,30120,34774,28460,23717,29692,29338,27221,33179,7.111,7.393,7.301,7.251,7.318,7.303,7.272,7.622,7.195,7.545,7.574,7.381,7.322,7.559,7.573,7.574,7.316,7.305,7.236,7.32,7.402,7.354,7.426,7.163
9/22/2022,10:28:21 AM,1.33E+17,0:00:30,47.85,47.75,47.99,47.61,47.49,47.03,48.01,47.74,47.99,47.46,46.7,46.95,47.4,47.71,46.89,46.59,47.8,47.61,47.91,46.99,46.94,47.75,46.95,47.96,25341,26609,26055,25616,25414,28463,25922,25503,24551,26387,25148,29489,27699,26609,26030,30884,30102,35143,28408,23729,29698,29350,27191,33190,7.036,7.381,7.258,7.234,7.261,7.28,7.246,7.526,7.208,7.505,7.589,7.346,7.285,7.532,7.586,7.56,7.262,7.254,7.184,7.308,7.39,7.341,7.386,7.096
9/22/2022,10:28:36 AM,1.33E+17,0:00:45,47.89,47.78,48,47.61,47.5,47.04,48.08,47.75,48.01,47.45,46.7,46.92,47.41,47.72,46.89,46.59,47.84,47.62,47.94,47,46.93,47.75,46.95,47.96,25353,26640,26001,25582,25386,28452,25998,25440,24562,26444,25111,29492,27711,26587,26024,30896,30115,35115,28435,23744,29712,29305,27180,33216,6.985,7.343,7.244,7.234,7.247,7.268,7.156,7.507,7.181,7.519,7.589,7.381,7.273,7.519,7.586,7.56,7.209,7.242,7.146,7.297,7.402,7.341,7.386,7.096
9/22/2022,10:28:51 AM,1.33E+17,0:01:00,47.95,47.78,48.04,47.65,47.52,47.06,48.16,47.76,48.03,47.49,46.72,46.96,47.43,47.74,46.87,46.59,47.86,47.66,47.95,47.02,46.96,47.79,46.95,48.01,25384,26626,25998,25576,25394,28472,26018,25531,24616,26518,25148,29549,27728,26590,26032,30776,30156,35040,28561,23818,29722,29360,27234,33215,6.91,7.343,7.187,7.165,7.219,7.246,7.053,7.488,7.155,7.465,7.56,7.334,7.248,7.492,7.614,7.56,7.182,7.192,7.133,7.273,7.367,7.291,7.386,7.028
9/22/2022,10:29:06 AM,1.33E+17,0:01:15,47.97,47.81,48.04,47.67,47.56,47.09,48.19,47.84,48.04,47.53,46.7,46.97,47.47,47.76,46.87,46.58,47.92,47.7,47.98,47.02,46.96,47.81,46.99,48.03,25412,26730,26103,25616,25433,28582,26024,25675,24525,26547,25185,29515,27770,26597,26037,30765,30258,35005,28565,23892,29799,29425,27281,33199,6.885,7.305,7.187,7.131,7.162,7.211,7.014,7.334,7.141,7.412,7.589,7.323,7.199,7.466,7.614,7.574,7.102,7.141,7.095,7.273,7.367,7.265,7.333,7.001
9/22/2022,10:29:21 AM,1.33E+17,0:01:30,48,47.82,48.1,47.72,47.57,47.09,48.23,47.91,48.06,47.59,46.73,47,47.51,47.8,46.89,46.6,47.95,47.76,48,47.04,46.97,47.8,46.99,48.07,25435,26753,26160,25820,25459,28503,26117,25723,24364,26562,25148,29540,27781,26610,26058,30827,30325,35068,28555,23785,29788,29441,27272,33201,6.847,7.292,7.101,7.045,7.148,7.211,6.963,7.201,7.115,7.332,7.545,7.288,7.15,7.413,7.586,7.545,7.062,7.066,7.069,7.25,7.355,7.278,7.333,6.948
9/22/2022,10:29:36 AM,1.33E+17,0:01:45,48.05,47.84,48.11,47.77,47.61,47.11,48.27,47.96,48.09,47.64,46.75,46.99,47.5,47.88,46.89,46.59,47.96,47.81,48.03,47.04,46.98,47.85,47.01,48.09,25449,26775,26129,25814,25498,28485,26072,25769,24587,26605,25179,29557,27854,26689,26063,30838,30283,35088,28633,23762,29856,29411,27290,33217,6.785,7.267,7.087,6.959,7.092,7.188,6.912,7.106,7.075,7.265,7.516,7.299,7.162,7.307,7.586,7.56,7.048,7.004,7.031,7.25,7.343,7.215,7.306,6.921
9/22/2022,10:29:51 AM,1.33E+17,0:02:00,48.08,47.82,48.13,47.76,47.59,47.12,48.31,47.99,48.08,47.65,46.73,46.99,47.54,47.89,46.91,46.59,47.99,47.84,48.04,47.04,46.97,47.82,47,48.1,25480,26795,26265,25692,25541,28542,26129,25825,24454,26767,25258,29611,27888,26719,26141,30966,30381,35104,28611,23811,29888,29613,27401,33303,6.747,7.292,7.059,6.976,7.12,7.177,6.861,7.049,7.088,7.252,7.545,7.299,7.113,7.294,7.559,7.56,7.008,6.967,7.019,7.25,7.355,7.253,7.319,6.907
9/22/2022,10:30:06 AM,1.33E+17,0:02:15,48.12,47.83,48.18,47.8,47.63,47.12,48.34,48.06,48.11,47.69,46.72,47,47.59,47.91,46.9,46.61,48,47.85,48.04,47.06,46.98,47.85,47.02,48.13,25500,26773,26177,25644,25476,28491,26129,25774,24488,26654,25176,29591,27839,26685,26070,30836,30316,34994,28617,23823,29803,29432,27305,33165,6.697,7.28,6.988,6.908,7.064,7.177,6.823,6.916,7.048,7.199,7.56,7.288,7.052,7.268,7.573,7.531,6.995,6.954,7.019,7.226,7.343,7.215,7.293,6.867
9/22/2022,10:30:21 AM,1.33E+17,0:02:30,48.15,47.85,48.21,47.85,47.66,47.14,48.37,48.07,48.11,47.71,46.74,47,47.64,47.92,46.9,46.61,48.01,47.87,48.06,47.08,46.99,47.9,47.02,48.18,25604,26849,26333,25723,25473,28559,26248,25842,24582,26725,25227,29517,28009,26776,26135,30984,30205,34972,28726,23934,29871,29511,27348,33179,6.66,7.255,6.946,6.823,7.022,7.154,6.784,6.897,7.048,7.173,7.531,7.288,6.991,7.255,7.573,7.531,6.982,6.93,6.993,7.203,7.331,7.152,7.293,6.8
9/22/2022,10:30:36 AM,1.33E+17,0:02:45,48.17,47.86,48.21,47.89,47.64,47.15,48.38,48.08,48.15,47.73,46.74,47.04,47.62,47.92,46.91,46.61,48.06,47.92,48.07,47.09,46.99,47.94,47.05,48.2,25607,26823,26225,25811,25478,28505,26245,25842,24672,26765,25190,29511,28019,26785,26118,31003,30330,35057,28721,23983,29973,29585,27400,33186,6.635,7.242,6.946,6.755,7.05,7.143,6.772,6.878,6.995,7.146,7.531,7.241,7.015,7.255,7.559,7.531,6.916,6.868,6.98,7.191,7.331,7.101,7.253,6.774
9/22/2022,10:30:51 AM,1.33E+17,0:03:00,48.19,47.85,48.26,47.89,47.68,47.14,48.37,48.17,48.19,47.76,46.75,47.02,47.62,47.92,46.92,46.61,48.05,47.95,48.06,47.09,47,47.95,47.04,48.22,25613,26806,26242,25842,25521,28536,26268,25874,24664,26777,25193,29443,28028,26739,26221,30958,30381,35131,28695,23929,29889,29594,27352,33216,6.61,7.255,6.875,6.755,6.994,7.154,6.784,6.709,6.942,7.107,7.516,7.265,7.015,7.255,7.545,7.531,6.929,6.83,6.993,7.191,7.319,7.089,7.267,6.747
9/22/2022,10:31:06 AM,1.33E+17,0:03:15,48.21,47.85,48.31,47.92,47.71,47.16,48.38,48.21,48.22,47.81,46.77,47.04,47.65,47.91,46.91,46.63,48.07,47.96,48.09,47.09,47.02,47.95,47.07,48.25,25627,26741,26231,25865,25512,28494,26245,25848,24698,26743,25181,29494,27975,26804,26152,30979,30342,35057,28733,23937,29958,29511,27464,33240,6.586,7.255,6.805,6.704,6.952,7.131,6.772,6.633,6.902,7.041,7.488,7.241,6.979,7.268,7.559,7.502,6.902,6.818,6.955,7.191,7.296,7.089,7.227,6.707
9/22/2022,10:31:21 AM,1.33E+17,0:03:30,48.25,47.88,48.33,47.92,47.72,47.15,48.45,48.26,48.24,47.83,46.76,47.05,47.66,47.91,46.91,46.62,48.09,47.98,48.11,47.11,47.01,47.99,47.07,48.28,25633,26676,26268,25791,25453,28505,26223,25874,24684,26678,25280,29596,27958,26739,26112,31058,30409,35013,28803,23929,29895,29550,27544,33251,6.536,7.217,6.777,6.704,6.938,7.143,6.683,6.54,6.875,7.015,7.502,7.23,6.966,7.268,7.559,7.516,6.876,6.793,6.93,7.167,7.307,7.039,7.227,6.667
9/22/2022,10:31:36 AM,1.33E+17,0:03:45,48.24,47.89,48.34,47.95,47.75,47.16,48.48,48.28,48.25,47.87,46.75,47.06,47.66,47.91,46.92,46.62,48.12,48,48.1,47.11,47.03,48.03,47.07,48.32,25633,26682,26259,25845,25529,28513,26231,25902,24638,26741,25193,29463,27964,26736,26121,31018,30433,35099,28788,24012,29890,29589,27723,33304,6.549,7.204,6.762,6.653,6.896,7.131,6.645,6.502,6.862,6.962,7.516,7.218,6.966,7.268,7.545,7.516,6.836,6.769,6.942,7.167,7.284,6.989,7.227,6.614
9/22/2022,10:31:51 AM,1.33E+17,0:04:00,48.26,47.88,48.35,47.94,47.75,47.17,48.52,48.29,48.26,47.93,46.78,47.05,47.68,47.91,46.92,46.62,48.13,48.02,48.1,47.11,47.04,48.07,47.08,48.33,25641,26801,26285,25820,25492,28513,26305,25894,24638,26705,25190,29591,27996,26787,26158,30995,30497,35137,28682,23964,29882,29595,27968,33282,6.524,7.217,6.748,6.67,6.896,7.12,6.595,6.484,6.849,6.884,7.473,7.23,6.942,7.268,7.545,7.516,6.823,6.744,6.942,7.167,7.272,6.939,7.214,6.601
9/22/2022,10:32:06 AM,1.33E+17,0:04:15,48.27,47.93,48.37,47.97,47.78,47.18,48.57,48.28,48.29,47.95,46.79,47.05,47.68,47.86,46.92,46.64,48.14,48.04,48.12,47.12,47.02,48.08,47.08,48.35,25644,26877,26313,25808,25430,28493,26331,25965,24593,26754,25206,29653,27962,26731,26170,31019,30432,35133,28689,23970,30017,29670,28136,33292,6.511,7.154,6.72,6.619,6.854,7.109,6.532,6.502,6.809,6.857,7.459,7.23,6.942,7.334,7.545,7.488,6.81,6.719,6.917,7.156,7.296,6.926,7.214,6.574
9/22/2022,10:32:21 AM,1.33E+17,0:04:30,48.31,47.9,48.39,47.95,47.77,47.19,48.6,48.28,48.31,47.99,46.77,47.06,47.68,47.86,46.91,46.66,48.18,48.03,48.14,47.11,47.04,48.09,47.09,48.36,25658,26815,26341,25874,25469,28530,26342,25945,24667,26766,25249,29568,27960,26822,26183,31019,30471,35121,28736,23955,29919,29716,28442,33441,6.462,7.192,6.692,6.653,6.868,7.097,6.494,6.502,6.783,6.805,7.488,7.218,6.942,7.334,7.559,7.459,6.757,6.732,6.892,7.167,7.272,6.914,7.201,6.561
9/22/2022,10:32:36 AM,1.33E+17,0:04:45,48.33,47.9,48.42,47.96,47.8,47.2,48.62,48.28,48.37,48.05,46.79,47.06,47.71,47.9,46.95,46.66,48.18,48.04,48.14,47.12,47.04,48.09,47.1,48.4,25670,26769,26262,25780,25466,28516,26308,25865,24692,26801,25241,29554,27944,26738,26131,30985,30388,35075,28710,23921,29907,29616,28741,33329,6.437,7.192,6.65,6.636,6.826,7.086,6.469,6.502,6.704,6.727,7.459,7.218,6.906,7.281,7.504,7.459,6.757,6.719,6.892,7.156,7.272,6.914,7.188,6.508
9/22/2022,10:32:51 AM,1.33E+17,0:05:00,48.34,47.91,48.43,47.97,47.83,47.18,48.69,48.3,48.39,48.07,46.79,47.05,47.7,47.9,46.93,46.64,48.18,48.04,48.14,47.15,47.04,48.11,47.1,48.41,25670,26798,26276,25800,25461,28516,26340,25911,24644,26912,25246,29565,27966,26758,26184,30973,30420,35099,28742,23931,29936,29680,29131,33344,6.425,7.179,6.636,6.619,6.784,7.109,6.381,6.465,6.678,6.701,7.459,7.23,6.918,7.281,7.532,7.488,6.757,6.719,6.892,7.121,7.272,6.889,7.188,6.495
9/22/2022,10:33:06 AM,1.33E+17,0:05:15,48.35,47.95,48.46,47.96,47.84,47.18,48.77,48.3,48.43,48.1,46.8,47.09,47.7,47.9,46.95,46.66,48.2,48.05,48.16,47.13,47.04,48.14,47.11,48.43,25670,26848,26376,25786,25480,28564,26411,25891,24601,26731,25195,29593,27958,26730,26222,30914,30475,35182,28751,23933,29870,29736,29462,33385,6.413,7.129,6.595,6.636,6.77,7.109,6.281,6.465,6.625,6.662,7.444,7.183,6.918,7.281,7.504,7.459,6.731,6.707,6.866,7.144,7.272,6.851,7.174,6.468
9/22/2022,10:33:21 AM,1.33E+17,0:05:30,48.37,47.96,48.48,47.97,47.87,47.19,48.78,48.29,48.44,48.11,46.8,47.08,47.69,47.9,46.97,46.66,48.23,48.08,48.15,47.16,47.05,48.18,47.13,48.45,25755,26860,26427,25808,25466,28505,26510,25936,24689,26932,25263,29599,28039,26809,26288,30971,30516,35266,28751,23997,30047,29661,30198,33415,6.388,7.117,6.567,6.619,6.729,7.097,6.269,6.484,6.612,6.649,7.444,7.195,6.93,7.281,7.477,7.459,6.692,6.67,6.879,7.109,7.26,6.802,7.148,6.442
9/22/2022,10:33:36 AM,1.33E+17,0:05:45,48.38,47.99,48.49,47.98,47.86,47.2,48.82,48.31,48.53,48.11,46.82,47.08,47.72,47.91,46.94,46.67,48.24,48.09,48.16,47.16,47.04,48.21,47.15,48.46,25757,26842,26364,25840,25580,28533,26431,25933,24681,26941,25277,29568,28050,26804,26238,31011,30505,35193,28697,24040,29970,29728,30601,33384,6.376,7.079,6.553,6.602,6.743,7.086,6.219,6.446,6.494,6.649,7.416,7.195,6.894,7.268,7.518,7.444,6.678,6.658,6.866,7.109,7.272,6.764,7.122,6.429
9/22/2022,10:33:51 AM,1.33E+17,0:06:00,48.39,48,48.52,47.99,47.87,47.2,48.84,48.3,48.57,48.12,46.82,47.11,47.72,47.9,46.96,46.67,48.29,48.1,48.17,47.16,47.06,48.23,47.15,48.47,25749,26842,26421,25766,25560,28539,26468,25933,24726,26910,25263,29604,28044,26781,26202,31054,30536,35219,28609,23997,30036,29826,31125,33402,6.364,7.067,6.511,6.585,6.729,7.086,6.194,6.465,6.442,6.636,7.416,7.16,6.894,7.281,7.491,7.444,6.613,6.646,6.854,7.109,7.248,6.74,7.122,6.416
9/22/2022,10:34:06 AM,1.33E+17,0:06:15,48.4,48.02,48.51,48,47.88,47.21,48.9,48.32,48.58,48.14,46.8,47.11,47.72,47.92,46.96,46.67,48.32,48.11,48.17,47.16,47.06,48.24,47.15,48.51,25746,26936,26387,25879,25721,28607,26588,26058,24786,27035,25339,29647,28081,26842,26305,31153,30593,35317,28695,24114,30034,29861,31444,33450,6.351,7.042,6.525,6.568,6.715,7.074,6.12,6.428,6.429,6.611,7.444,7.16,6.894,7.255,7.491,7.444,6.574,6.633,6.854,7.109,7.248,6.727,7.122,6.363
9/22/2022,10:34:21 AM,1.33E+17,0:06:30,48.43,48.05,48.53,48.02,47.91,47.21,48.96,48.38,48.62,48.14,46.83,47.1,47.76,47.92,46.95,46.67,48.34,48.12,48.17,47.16,47.07,48.28,47.15,48.51,25752,26933,26305,25859,26276,28513,26509,25987,24704,26930,25257,29587,27992,26796,26273,30957,30437,35160,28595,23994,29974,29772,31501,33427,6.315,7.004,6.497,6.534,6.673,7.074,6.046,6.316,6.377,6.611,7.401,7.172,6.845,7.255,7.504,7.444,6.548,6.621,6.854,7.109,7.236,6.678,7.122,6.363
9/22/2022,10:34:36 AM,1.33E+17,0:06:45,48.46,48.06,48.55,48.05,47.97,47.22,48.98,48.42,48.63,48.15,46.83,47.11,47.76,47.94,46.98,46.69,48.36,48.14,48.22,47.19,47.08,48.33,47.18,48.53,25755,26930,26356,25893,25557,28601,26580,26041,24814,26967,25288,29584,28009,26850,26288,31091,30475,35306,28754,24003,29980,29775,31536,33436,6.278,6.992,6.469,6.484,6.59,7.063,6.021,6.241,6.364,6.598,7.401,7.16,6.845,7.229,7.463,7.416,6.522,6.597,6.791,7.074,7.225,6.616,7.082,6.337
9/22/2022,10:34:51 AM,1.33E+17,0:07:00,48.44,48.07,48.56,48.03,48.01,47.23,49,48.43,48.66,48.16,46.84,47.1,47.79,47.97,46.95,46.69,48.45,48.13,48.23,47.17,47.06,48.31,47.16,48.55,25763,26927,26347,25786,25735,28615,26514,25990,24726,26939,25317,29593,28039,26815,26213,31043,30485,35212,28849,23977,29928,29768,31513,33575,6.302,6.98,6.455,6.518,6.535,7.052,5.997,6.223,6.326,6.585,7.387,7.172,6.809,7.189,7.504,7.416,6.404,6.609,6.778,7.097,7.248,6.641,7.109,6.311
9/22/2022,10:35:06 AM,1.33E+17,0:07:15,48.48,48.09,48.58,48.03,48.04,47.23,49.04,48.45,48.68,48.17,46.86,47.11,47.79,47.97,46.98,46.71,48.48,48.18,48.23,47.2,47.07,48.34,47.17,48.57,25763,26969,26319,25803,25741,28621,26503,26005,24723,26953,25322,29593,28076,26798,26208,31041,30527,35261,28863,23967,29951,29844,31399,33488,6.254,6.955,6.428,6.518,6.494,7.052,5.947,6.186,6.3,6.572,7.358,7.16,6.809,7.189,7.463,7.387,6.366,6.548,6.778,7.062,7.236,6.604,7.096,6.284
9/22/2022,10:35:21 AM,1.33E+17,0:07:30,48.49,48.09,48.57,48.04,48.05,47.22,49.05,48.44,48.7,48.14,46.82,47.11,47.77,47.99,46.97,46.71,48.52,48.16,48.23,47.21,47.08,48.36,47.19,48.58,25772,26935,26336,25794,25653,28626,26521,26019,24726,26879,25220,29616,28052,26819,26180,31081,30432,35228,29015,24053,29989,29785,31381,33481,6.241,6.955,6.441,6.501,6.48,7.063,5.935,6.204,6.274,6.611,7.416,7.16,6.833,7.163,7.477,7.387,6.314,6.572,6.778,7.051,7.225,6.579,7.069,6.271
9/22/2022,10:35:36 AM,1.33E+17,0:07:45,48.52,48.12,48.61,48.04,48.08,47.24,49.09,48.47,48.73,48.17,46.84,47.13,47.78,48.01,46.98,46.74,48.51,48.19,48.24,47.18,47.08,48.36,47.2,48.62,25775,27043,26331,25755,25715,28632,26561,26050,24698,26859,25314,29598,28026,26822,26234,31027,30392,35281,29089,23940,30043,29816,31289,33491,6.205,6.918,6.386,6.501,6.439,7.04,5.886,6.148,6.235,6.572,7.387,7.137,6.821,7.137,7.463,7.344,6.327,6.536,6.766,7.086,7.225,6.579,7.056,6.219
9/22/2022,10:35:51 AM,1.33E+17,0:08:00,48.51,48.12,48.64,48.05,48.09,47.24,49.12,48.52,48.75,48.17,46.85,47.14,47.78,48.01,46.97,46.72,48.52,48.2,48.24,47.2,47.09,48.36,47.18,48.64,25854,27014,26427,25868,25545,28621,26651,26113,24877,26964,25305,29641,28118,26907,26242,31075,30521,35234,29374,23995,30137,29891,31297,33515,6.217,6.918,6.345,6.484,6.425,7.04,5.849,6.056,6.209,6.572,7.372,7.126,6.821,7.137,7.477,7.373,6.314,6.523,6.766,7.062,7.213,6.579,7.082,6.193
9/22/2022,10:36:06 AM,1.33E+17,0:08:15,48.53,48.13,48.66,48.07,48.09,47.26,49.16,48.56,48.76,48.2,46.86,47.12,47.79,48.08,46.97,46.74,48.52,48.21,48.26,47.21,47.09,48.39,47.21,48.66,25843,27031,26422,25820,25585,28686,26623,26107,24772,26914,25314,29613,28099,26910,26222,31084,30697,35285,29424,24109,30026,29873,31319,33491,6.193,6.905,6.317,6.45,6.425,7.018,5.8,5.982,6.196,6.533,7.358,7.149,6.809,7.046,7.477,7.344,6.314,6.511,6.74,7.051,7.213,6.542,7.043,6.167
9/22/2022,10:36:21 AM,1.33E+17,0:08:30,48.55,48.16,48.66,48.05,48.13,47.23,49.16,48.59,48.78,48.22,46.86,47.15,47.79,48.11,47.01,46.75,48.55,48.26,48.24,47.21,47.08,48.36,47.19,48.66,25843,27011,26405,25857,25582,28618,26629,26110,24812,26920,25311,29652,28135,26914,26235,31087,30824,35376,29420,24183,29963,29885,31323,33513,6.168,6.868,6.317,6.484,6.37,7.052,5.8,5.927,6.171,6.507,7.358,7.114,6.809,7.007,7.422,7.33,6.275,6.45,6.766,7.051,7.225,6.579,7.069,6.167
9/22/2022,10:36:36 AM,1.33E+17,0:08:45,48.56,48.14,48.73,48.06,48.13,47.23,49.24,48.61,48.81,48.23,46.85,47.15,47.78,48.21,46.98,46.75,48.56,48.28,48.26,47.2,47.09,48.37,47.2,48.68,25845,26994,26416,25823,25636,28663,26692,26124,24843,26914,25314,29635,28067,26953,26279,31096,30984,35287,29441,24331,29983,29786,31415,33549,6.156,6.893,6.22,6.467,6.37,7.052,5.703,5.89,6.132,6.494,7.372,7.114,6.821,6.877,7.463,7.33,6.262,6.426,6.74,7.062,7.213,6.567,7.056,6.141
9/22/2022,10:36:51 AM,1.33E+17,0:09:00,48.58,48.15,48.75,48.08,48.15,47.24,49.28,48.62,48.84,48.27,46.87,47.15,47.79,48.27,46.98,46.76,48.56,48.38,48.26,47.2,47.1,48.39,47.21,48.71,25851,27091,26436,25859,25664,28660,26670,26207,24854,27012,25330,29655,28141,26992,26251,31076,31136,35435,29492,24439,30083,29898,31296,33565,6.132,6.88,6.193,6.433,6.343,7.04,5.654,5.871,6.093,6.443,7.344,7.114,6.809,6.799,7.463,7.315,6.262,6.305,6.74,7.062,7.201,6.542,7.043,6.102
9/22/2022,10:37:06 AM,1.33E+17,0:09:15,48.61,48.17,48.77,48.04,48.18,47.24,49.3,48.64,48.83,48.27,46.86,47.14,47.78,48.29,47.01,46.75,48.58,48.39,48.28,47.21,47.09,48.4,47.22,48.71,25843,27060,26442,25811,25692,28578,26676,26164,24809,26958,25313,29598,28075,26993,26266,31028,31202,35385,29576,24491,30032,29787,31407,33574,6.095,6.856,6.165,6.501,6.302,7.04,5.63,5.835,6.106,6.443,7.358,7.126,6.821,6.774,7.422,7.33,6.236,6.293,6.715,7.051,7.213,6.53,7.03,6.102
9/22/2022,10:37:21 AM,1.33E+17,0:09:30,48.59,48.21,48.8,48.05,48.17,47.24,49.32,48.67,48.83,48.26,46.86,47.15,47.78,48.31,47.01,46.73,48.57,48.42,48.26,47.23,47.08,48.4,47.22,48.7,25851,27028,26485,25871,25596,28561,26727,26145,24832,26966,25316,29604,28035,27014,26272,31036,31364,35424,29672,24560,30026,29919,31351,33557,6.12,6.806,6.124,6.484,6.316,7.04,5.606,5.78,6.106,6.456,7.358,7.114,6.821,6.748,7.422,7.358,6.249,6.256,6.74,7.027,7.225,6.53,7.03,6.115
9/22/2022,10:37:36 AM,1.33E+17,0:09:45,48.63,48.19,48.79,48.04,48.2,47.24,49.33,48.68,48.86,48.29,46.88,47.16,47.79,48.32,47,46.75,48.59,48.46,48.29,47.23,47.11,48.45,47.23,48.74,25857,26915,26504,25828,25791,28505,26685,26193,24817,26864,25316,29595,28007,27015,26240,31039,31320,35404,29842,24611,30016,29947,31308,33545,6.071,6.831,6.138,6.501,6.275,7.04,5.594,5.761,6.068,6.417,7.329,7.102,6.809,6.735,7.436,7.33,6.223,6.208,6.703,7.027,7.189,6.469,7.017,6.063
9/22/2022,10:37:51 AM,1.33E+17,0:10:00,48.67,48.23,48.83,48.08,48.22,47.25,49.32,48.72,48.86,48.29,46.88,47.16,47.81,48.34,47.01,46.76,48.59,48.48,48.3,47.24,47.11,48.46,47.22,48.74,25874,26932,26553,25808,25684,28536,26639,26230,24843,26952,25313,29624,28011,27004,26246,31043,31371,35582,30045,24663,30113,29962,31385,33624,6.023,6.782,6.083,6.433,6.247,7.029,5.606,5.688,6.068,6.417,7.329,7.102,6.785,6.709,7.422,7.315,6.223,6.184,6.69,7.016,7.189,6.457,7.03,6.063
9/22/2022,10:38:06 AM,1.33E+17,0:10:15,48.64,48.21,48.85,48.06,48.24,47.25,49.31,48.74,48.89,48.31,46.87,47.16,47.79,48.34,47.01,46.79,48.59,48.49,48.3,47.25,47.11,48.51,47.25,48.78,25882,26946,26598,25780,25704,28609,26679,26230,24860,26933,25328,29595,28047,27018,26218,31100,31420,35457,30173,24694,30007,29920,31380,33598,6.059,6.806,6.056,6.467,6.22,7.029,5.618,5.651,6.029,6.392,7.344,7.102,6.809,6.709,7.422,7.272,6.223,6.172,6.69,7.004,7.189,6.395,6.991,6.011
9/22/2022,10:38:21 AM,1.33E+17,0:10:30,48.65,48.25,48.93,48.07,48.23,47.26,49.32,48.73,48.93,48.29,46.87,47.17,47.8,48.31,47.02,46.79,48.58,48.51,48.29,47.24,47.13,48.51,47.24,48.77,25882,26957,26607,25808,25630,28578,26727,26250,24866,27026,25322,29672,28059,26977,26264,31095,31408,35464,30201,24768,30119,29934,31505,33612,6.047,6.757,5.946,6.45,6.234,7.018,5.606,5.67,5.978,6.417,7.344,7.091,6.797,6.748,7.409,7.272,6.236,6.148,6.703,7.016,7.166,6.395,7.004,6.024
9/22/2022,10:38:36 AM,1.33E+17,0:10:45,48.67,48.24,48.95,48.06,48.26,47.27,49.34,48.73,48.96,48.31,46.89,47.16,47.81,48.31,47.03,46.77,48.63,48.54,48.31,47.27,47.12,48.52,47.27,48.81,25880,26952,26641,25803,25692,28473,26721,26176,24872,26890,25339,29632,28062,27025,26247,31099,31595,35517,30330,24823,30038,29920,31438,33623,6.023,6.769,5.919,6.467,6.193,7.006,5.582,5.67,5.94,6.392,7.315,7.102,6.785,6.748,7.395,7.301,6.172,6.112,6.678,6.981,7.178,6.383,6.965,5.972
9/22/2022,10:38:51 AM,1.33E+17,0:11:00,48.69,48.26,48.97,48.04,48.28,47.26,49.36,48.74,48.95,48.31,46.9,47.18,47.81,48.34,47.05,46.78,48.64,48.58,48.34,47.26,47.14,48.54,47.25,48.8,25888,26898,26619,25814,25823,28556,26679,26193,24877,26930,25359,29609,28042,27006,26230,31099,31581,35500,30534,24953,29994,29998,31357,33605,5.998,6.745,5.892,6.501,6.166,7.018,5.557,5.651,5.952,6.392,7.301,7.079,6.785,6.709,7.368,7.287,6.159,6.064,6.64,6.992,7.154,6.359,6.991,5.985
9/22/2022,10:39:06 AM,1.33E+17,0:11:15,48.68,48.48,48.98,48.04,48.25,47.26,49.32,48.72,48.93,48.29,46.88,47.16,47.83,48.31,47.01,46.79,48.65,48.56,48.34,47.27,47.1,48.53,47.24,48.8,30283,27710,26724,25879,25692,28502,26758,26272,24908,26970,25390,29683,28126,27080,26298,31203,32000,35505,30986,26819,30044,29990,31412,33669,6.01,6.475,5.878,6.501,6.207,7.018,5.606,5.688,5.978,6.417,7.329,7.102,6.76,6.748,7.422,7.272,6.146,6.088,6.64,6.981,7.201,6.371,7.004,5.985
9/22/2022,10:39:21 AM,1.33E+17,0:11:30,48.7,48.28,49.01,48.07,48.28,47.26,49.34,48.73,48.98,48.32,46.91,47.19,47.81,48.33,47.05,46.8,48.64,48.58,48.34,47.27,47.13,48.59,47.26,48.83,25951,27005,26659,25964,25698,28496,26761,26261,24886,27007,25364,29680,28139,27126,26302,31220,32497,35557,31539,27587,30141,30024,31395,33818,5.986,6.72,5.837,6.45,6.166,7.018,5.582,5.67,5.914,6.379,7.286,7.068,6.785,6.722,7.368,7.258,6.159,6.064,6.64,6.981,7.166,6.298,6.978,5.946
9/22/2022,10:39:36 AM,1.33E+17,0:11:45,48.68,48.31,49.04,48.06,48.3,47.27,49.37,48.74,48.97,48.31,46.91,47.19,47.79,48.35,47.04,46.79,48.64,48.57,48.33,47.29,47.12,48.56,47.27,48.85,25942,26991,26622,25882,25672,29371,26744,26210,24948,26902,25347,29694,28084,27087,26367,31177,33030,35497,32032,27888,30082,29943,31359,33695,6.01,6.683,5.797,6.467,6.139,7.006,5.545,5.651,5.927,6.392,7.286,7.068,6.809,6.696,7.382,7.272,6.159,6.076,6.653,6.958,7.178,6.334,6.965,5.92
9/22/2022,10:39:51 AM,1.33E+17,0:12:00,48.71,48.31,49.07,48.04,48.3,47.26,49.37,48.75,48.97,48.31,46.92,47.18,47.79,48.3,47.04,46.79,48.65,48.58,48.34,47.27,47.13,48.57,47.25,48.84,25945,26982,26673,25851,25845,28700,26750,26241,24849,26975,25392,29632,28010,27031,26281,31052,33359,35469,32170,27998,30059,30012,31469,33659,5.974,6.683,5.756,6.501,6.139,7.018,5.545,5.633,5.927,6.392,7.272,7.079,6.809,6.761,7.382,7.272,6.146,6.064,6.64,6.981,7.166,6.322,6.991,5.933
9/22/2022,10:40:06 AM,1.33E+17,0:12:15,48.71,48.28,49.08,48.06,48.3,47.28,49.38,48.76,48.99,48.31,46.92,47.17,47.78,48.32,47.03,46.82,48.67,48.57,48.36,47.28,47.14,48.56,47.27,48.85,25945,26999,26713,25885,25709,28683,26745,26227,24872,26959,25330,29632,28081,27046,26258,31203,33648,35560,32496,28118,30131,29985,31367,33649,5.974,6.72,5.743,6.467,6.139,6.995,5.533,5.615,5.901,6.392,7.272,7.091,6.821,6.735,7.395,7.23,6.12,6.076,6.615,6.969,7.154,6.334,6.965,5.92
9/22/2022,10:40:21 AM,1.33E+17,0:12:30,48.73,48.32,49.08,48.06,48.29,47.26,49.38,48.79,49.01,48.32,46.89,47.18,47.77,48.34,47.06,46.8,48.68,48.59,48.35,47.3,47.12,48.58,47.27,48.88,25951,27067,26648,25859,25735,28680,26762,26261,24889,27021,25361,29697,28034,27052,26310,31206,33774,35649,32650,28221,30144,29978,31408,33714,5.95,6.671,5.743,6.467,6.152,7.018,5.533,5.56,5.876,6.379,7.315,7.079,6.833,6.709,7.354,7.258,6.108,6.052,6.628,6.946,7.178,6.31,6.965,5.881
9/22/2022,10:40:36 AM,1.33E+17,0:12:45,48.73,48.34,49.2,48.06,48.31,47.27,49.4,48.79,49.03,48.36,46.92,47.17,47.78,48.35,47.06,46.81,48.67,48.6,48.37,47.3,47.12,48.54,47.27,48.89,25945,27093,26720,25828,25806,28759,26756,26230,24932,26959,25370,29663,28046,27044,26316,31206,33945,35621,32810,28272,30082,29930,31410,33706,5.95,6.646,5.581,6.467,6.125,7.006,5.509,5.56,5.851,6.328,7.272,7.091,6.821,6.696,7.354,7.244,6.12,6.04,6.603,6.946,7.178,6.359,6.965,5.868
9/22/2022,10:40:51 AM,1.33E+17,0:13:00,48.75,48.34,49.23,48.05,48.32,47.28,49.41,48.79,49.07,48.41,46.92,47.21,47.77,48.4,47.06,46.83,48.7,48.67,48.38,47.3,47.13,48.56,47.3,48.91,25945,27113,26757,25919,25865,28564,26833,26259,24935,27051,25319,29686,28006,27058,26316,31167,34131,35628,33039,28366,30056,30036,31406,33764,5.926,6.646,5.54,6.484,6.111,6.995,5.497,5.56,5.8,6.264,7.272,7.045,6.833,6.632,7.354,7.215,6.082,5.957,6.59,6.946,7.166,6.334,6.926,5.843
9/22/2022,10:41:06 AM,1.33E+17,0:13:15,48.75,48.36,49.26,48.07,48.31,47.28,49.43,48.83,49.07,48.42,46.93,47.21,47.8,48.4,47.07,46.83,48.72,48.71,48.38,47.31,47.15,48.54,47.28,48.93,25959,27059,26805,25959,25803,28748,26799,26335,24946,27054,25412,29759,28087,27171,26379,31235,34355,35682,33150,28486,30200,30066,31513,33833,5.926,6.622,5.5,6.45,6.125,6.995,5.473,5.487,5.8,6.251,7.258,7.045,6.797,6.632,7.341,7.215,6.056,5.909,6.59,6.934,7.142,6.359,6.952,5.817
9/22/2022,10:41:21 AM,1.33E+17,0:13:30,48.76,48.38,49.26,48.06,48.33,47.28,49.41,48.84,49.08,48.41,46.94,47.2,47.77,48.43,47.06,46.85,48.71,48.7,48.38,47.32,47.15,48.52,47.31,48.93,25965,27078,26771,25874,25684,28462,26680,26270,24952,26997,25383,29635,27974,27138,26268,31153,34312,35614,33199,28307,30085,29914,31384,33711,5.914,6.597,5.5,6.467,6.098,6.995,5.497,5.469,5.787,6.264,7.243,7.056,6.833,6.594,7.354,7.187,6.069,5.921,6.59,6.923,7.142,6.383,6.913,5.817
9/22/2022,10:41:36 AM,1.33E+17,0:13:45,48.77,48.37,49.29,48.03,48.33,47.26,49.43,48.87,49.12,48.43,46.95,47.21,47.8,48.48,47.07,46.84,48.73,48.71,48.39,47.31,47.15,48.54,47.29,48.94,25957,27064,26814,25879,26522,28570,26762,26270,24969,27000,25358,29714,28010,27087,26291,31159,34444,35606,33245,28372,30043,29918,31402,33789,5.902,6.61,5.46,6.518,6.098,7.018,5.473,5.414,5.736,6.238,7.229,7.045,6.797,6.53,7.341,7.201,6.044,5.909,6.578,6.934,7.142,6.359,6.939,5.804
9/22/2022,10:41:51 AM,1.33E+17,0:14:00,48.75,48.41,49.27,48.03,48.34,47.28,49.41,48.88,49.11,48.45,46.93,47.19,47.78,48.55,47.08,46.85,48.75,48.74,48.39,47.33,47.14,48.51,47.31,48.95,25951,27039,26777,25854,25922,28567,26736,26231,24912,26989,25333,29663,28052,27133,26280,31199,34525,35584,33174,28310,30082,29902,31429,33723,5.926,6.561,5.487,6.518,6.084,6.995,5.497,5.396,5.749,6.213,7.258,7.068,6.821,6.441,7.327,7.187,6.018,5.873,6.578,6.911,7.154,6.395,6.913,5.791
9/22/2022,10:42:06 AM,1.33E+17,0:14:15,48.78,48.4,49.3,48.02,48.34,47.26,49.42,48.93,49.06,48.45,46.95,47.19,47.78,48.64,47.08,46.85,48.76,48.74,48.4,47.32,47.16,48.51,47.3,48.97,25942,27093,26811,25842,25910,28496,26759,26310,24915,27001,25364,29708,28000,27148,26257,31159,34705,35645,33400,28273,30043,29919,31415,33734,5.89,6.573,5.446,6.534,6.084,7.018,5.485,5.305,5.812,6.213,7.229,7.068,6.821,6.327,7.327,7.187,6.005,5.873,6.565,6.923,7.131,6.395,6.926,5.765
9/22/2022,10:42:21 AM,1.33E+17,0:14:30,48.75,48.41,49.32,48.02,48.33,47.26,49.43,48.95,49.06,48.49,46.92,47.2,47.78,48.69,47.06,46.84,48.76,48.75,48.4,47.32,47.14,48.49,47.3,48.97,25939,27056,26778,25851,25950,28496,26717,26271,24909,26999,25352,29706,28052,27199,26268,31162,34743,35657,33448,28179,30065,29912,31397,33731,5.926,6.561,5.42,6.534,6.098,7.018,5.473,5.269,5.812,6.162,7.272,7.056,6.821,6.263,7.354,7.201,6.005,5.861,6.565,6.923,7.154,6.42,6.926,5.765
9/22/2022,10:42:36 AM,1.33E+17,0:14:45,48.77,48.43,49.33,48.05,48.36,47.29,49.5,48.99,49.08,48.49,46.97,47.2,47.79,48.69,47.1,46.88,48.8,48.76,48.42,47.31,47.15,48.49,47.33,49.03,25951,27041,26826,25891,25885,28541,26788,26314,24892,27050,25380,29666,28032,27204,26269,31174,34847,35737,33512,28221,30111,29969,31442,33734,5.902,6.536,5.406,6.484,6.057,6.984,5.389,5.197,5.787,6.162,7.201,7.056,6.809,6.263,7.3,7.144,5.954,5.85,6.54,6.934,7.142,6.42,6.887,5.688
9/22/2022,10:42:51 AM,1.33E+17,0:15:00,48.78,48.45,49.34,48.03,48.35,47.27,49.5,49.03,49.09,48.51,46.96,47.22,47.82,48.7,47.09,46.87,48.79,48.76,48.41,47.33,47.15,48.49,47.34,49.01,25948,27064,26863,25882,25939,28589,26743,26317,24952,27013,25366,29652,28051,27219,26240,31180,34950,35640,33537,28151,30091,29972,31511,33756,5.89,6.512,5.393,6.518,6.071,7.006,5.389,5.124,5.774,6.137,7.215,7.033,6.773,6.251,7.314,7.158,5.967,5.85,6.553,6.911,7.142,6.42,6.874,5.714
9/22/2022,10:43:06 AM,1.33E+17,0:15:15,48.77,48.45,49.37,48.04,48.37,47.28,49.51,49.06,49.11,48.53,46.94,47.22,47.81,48.71,47.11,46.88,48.79,48.8,48.42,47.33,47.16,48.49,47.31,49.02,25957,27070,26840,25959,25942,28612,26789,26374,24906,27065,25372,29722,28050,27234,26264,31112,35044,35766,33620,28131,30069,29884,31449,33737,5.902,6.512,5.353,6.501,6.044,6.995,5.377,5.07,5.749,6.111,7.243,7.033,6.785,6.238,7.286,7.144,5.967,5.802,6.54,6.911,7.131,6.42,6.913,5.701
9/22/2022,10:43:21 AM,1.33E+17,0:15:30,48.79,48.46,49.37,48.07,48.39,47.28,49.55,49.08,49.15,48.55,46.94,47.21,47.81,48.75,47.09,46.87,48.81,48.83,48.4,47.32,47.17,48.48,47.33,49.03,26010,27090,26860,25970,25752,28612,26851,26490,24963,27116,25367,29689,28067,27324,26314,31367,36006,35707,33716,27977,30118,29988,31478,33766,5.878,6.5,5.353,6.45,6.017,6.995,5.329,5.034,5.698,6.086,7.243,7.045,6.785,6.188,7.314,7.158,5.941,5.767,6.565,6.923,7.119,6.432,6.887,5.688
9/22/2022,10:43:36 AM,1.33E+17,0:15:45,48.78,48.46,49.36,48.03,48.38,47.28,49.57,49.08,49.19,48.56,46.95,47.2,47.8,48.74,47.09,46.89,48.82,48.83,48.4,47.33,47.15,48.44,47.31,49.04,26010,27061,26803,25882,25984,28570,26823,26414,24941,27131,25400,29666,28093,27281,26303,31359,35939,35717,33662,27900,30063,29892,31390,33795,5.89,6.5,5.366,6.518,6.03,6.995,5.305,5.034,5.648,6.073,7.229,7.056,6.797,6.2,7.314,7.13,5.929,5.767,6.565,6.911,7.142,6.481,6.913,5.676
9/22/2022,10:43:51 AM,1.33E+17,0:16:00,48.8,48.48,49.41,48.03,48.4,47.28,49.6,49.1,49.21,48.59,46.97,47.22,47.81,48.76,47.08,46.87,48.86,48.85,48.42,47.34,47.17,48.45,47.32,49.02,25991,27089,26838,25857,25987,28632,26795,26434,25017,27018,25380,29711,28073,27271,26260,31324,35710,35706,33697,27972,30186,29898,31447,33748,5.866,6.475,5.299,6.518,6.003,6.995,5.269,4.998,5.623,6.035,7.201,7.033,6.785,6.175,7.327,7.158,5.878,5.743,6.54,6.9,7.119,6.469,6.9,5.701
9/22/2022,10:44:06 AM,1.33E+17,0:16:15,48.8,48.5,49.43,48.04,48.4,47.3,49.6,49.11,49.23,48.6,46.95,47.23,47.77,48.74,47.1,46.88,48.91,48.86,48.42,47.35,47.17,48.45,47.33,49.03,25993,27126,26864,25905,26593,28649,26809,26496,25040,27086,25398,29796,28131,27307,26272,31432,35688,35753,33851,27947,30180,29895,31442,33778,5.866,6.451,5.273,6.501,6.003,6.972,5.269,4.98,5.597,6.023,7.229,7.022,6.833,6.2,7.3,7.144,5.814,5.731,6.54,6.888,7.119,6.469,6.887,5.688
9/22/2022,10:44:21 AM,1.33E+17,0:16:30,48.81,48.51,49.45,48.04,48.41,47.3,49.65,49.13,49.27,48.62,46.96,47.22,47.82,48.72,47.1,46.91,48.98,48.87,48.43,47.36,47.17,48.47,47.35,49.05,25988,27191,26898,25848,26596,28606,26841,26570,25060,27143,25429,29748,28059,27246,26317,31385,35710,35705,33741,27918,30174,29896,31548,33799,5.854,6.439,5.246,6.501,5.99,6.972,5.209,4.944,5.547,5.997,7.215,7.033,6.773,6.226,7.3,7.101,5.725,5.719,6.528,6.877,7.119,6.444,6.861,5.663
9/22/2022,10:44:36 AM,1.33E+17,0:16:45,48.81,48.54,49.51,48.06,48.4,47.3,49.67,49.14,49.27,48.61,46.96,47.22,47.8,48.7,47.1,46.9,49.04,48.88,48.43,47.33,47.18,48.46,47.35,49.08,25991,27177,26978,25879,25774,28575,26867,26494,25012,27186,25380,29711,28004,27242,26298,31325,35712,35851,33710,27840,30178,29868,31546,33738,5.854,6.402,5.167,6.467,6.003,6.972,5.185,4.926,5.547,6.01,7.215,7.033,6.797,6.251,7.3,7.116,5.65,5.708,6.528,6.911,7.107,6.457,6.861,5.625
9/22/2022,10:44:51 AM,1.33E+17,0:17:00,48.81,48.52,49.54,48.02,48.42,47.3,49.67,49.17,49.28,48.64,46.96,47.23,47.81,48.67,47.11,46.89,49.06,48.89,48.42,47.32,47.18,48.47,47.35,49.09,25982,27149,26964,25876,25959,28686,26881,26446,25015,27155,25358,29717,28008,27221,26292,31328,35685,35840,33712,27817,30167,29919,31463,33796,5.854,6.427,5.127,6.534,5.976,6.972,5.185,4.873,5.534,5.972,7.215,7.022,6.785,6.289,7.286,7.13,5.625,5.696,6.54,6.923,7.107,6.444,6.861,5.612
9/22/2022,10:45:06 AM,1.33E+17,0:17:15,48.82,48.57,49.6,48.02,48.44,47.31,49.7,49.16,49.29,48.65,46.96,47.21,47.8,48.65,47.1,46.9,49.11,48.87,48.42,47.36,47.18,48.47,47.34,49.09,25985,27132,27004,25837,25862,28620,26808,26426,25035,27249,25397,29714,27993,27205,26318,31402,35632,35731,33743,27853,30104,30002,31485,33790,5.842,6.366,5.048,6.534,5.949,6.961,5.149,4.89,5.522,5.959,7.215,7.045,6.797,6.314,7.3,7.116,5.562,5.719,6.54,6.877,7.107,6.444,6.874,5.612
9/22/2022,10:45:21 AM,1.33E+17,0:17:30,48.84,48.57,49.63,48.03,48.41,47.3,49.72,49.17,49.31,48.66,46.96,47.24,47.82,48.68,47.11,46.9,49.15,48.88,48.42,47.35,47.17,48.48,47.36,49.1,25985,27146,27028,25882,25990,28626,26825,26457,25049,27158,25383,29691,28025,27221,26329,31354,35607,35729,33806,27861,30169,29923,31509,33774,5.818,6.366,5.008,6.518,5.99,6.972,5.126,4.873,5.497,5.947,7.215,7.01,6.773,6.276,7.286,7.116,5.511,5.708,6.54,6.888,7.119,6.432,6.848,5.599
9/22/2022,10:45:36 AM,1.33E+17,0:17:45,48.82,48.55,49.65,48.01,48.42,47.3,49.74,49.17,49.32,48.65,46.96,47.24,47.8,48.66,47.1,46.9,49.17,48.91,48.43,47.34,47.18,48.5,47.36,49.11,25979,27146,27008,25854,25942,28652,26962,26409,25015,27175,25352,29660,28067,27215,26298,31408,35634,35845,33730,27887,30099,29936,31490,33806,5.842,6.39,4.982,6.551,5.976,6.972,5.102,4.873,5.484,5.959,7.215,7.01,6.797,6.301,7.3,7.116,5.486,5.672,6.528,6.9,7.107,6.408,6.848,5.586
9/22/2022,10:45:51 AM,1.33E+17,0:18:00,48.83,48.61,49.69,48.03,48.43,47.3,49.74,49.17,49.34,48.69,46.99,47.22,47.79,48.63,47.11,46.91,49.23,48.89,48.43,47.34,47.17,48.49,47.36,49.13,25977,27191,27065,25871,26015,28567,26865,26454,25055,27153,25340,29620,27998,27176,26281,31317,35618,35698,33687,27821,30063,29889,31440,33761,5.83,6.318,4.929,6.518,5.963,6.972,5.102,4.873,5.459,5.909,7.172,7.033,6.809,6.339,7.286,7.101,5.411,5.696,6.528,6.9,7.119,6.42,6.848,5.561
9/22/2022,10:46:06 AM,1.33E+17,0:18:15,48.83,48.57,49.71,48.02,48.43,47.3,49.77,49.19,49.35,48.68,46.97,47.23,47.82,48.62,47.12,46.94,49.24,48.92,48.44,47.35,47.19,48.51,47.34,49.14,25979,27169,27063,25811,26052,28626,26846,26542,25061,27119,25315,29728,28005,27147,26310,31418,35779,35754,33696,27898,30113,30010,31425,33805,5.83,6.366,4.903,6.534,5.963,6.972,5.066,4.837,5.447,5.922,7.201,7.022,6.773,6.352,7.273,7.059,5.399,5.66,6.515,6.888,7.095,6.395,6.874,5.548
9/22/2022,10:46:21 AM,1.33E+17,0:18:30,48.82,48.58,49.75,48.01,48.44,47.31,49.83,49.22,49.36,48.71,46.98,47.22,47.82,48.63,47.11,46.94,49.27,48.94,48.44,47.35,47.2,48.51,47.35,49.15,26050,27242,27108,25885,25899,28654,27019,26557,25115,27213,25377,29652,28079,27230,26363,31841,35650,35821,33690,27836,30205,29967,31486,33806,5.842,6.354,4.85,6.551,5.949,6.961,4.995,4.783,5.434,5.884,7.186,7.033,6.773,6.339,7.286,7.059,5.361,5.637,6.515,6.888,7.084,6.395,6.861,5.535
9/22/2022,10:46:36 AM,1.33E+17,0:18:45,48.82,48.62,49.78,48.01,48.45,47.29,49.86,49.2,49.36,48.73,46.98,47.24,47.8,48.61,47.14,46.93,49.31,48.97,48.45,47.35,47.19,48.51,47.37,49.16,26028,27271,27137,25862,25865,28612,26977,26514,25115,27191,25406,29694,28130,27204,26339,32386,35684,35778,33634,27847,30144,29859,31441,33852,5.842,6.305,4.811,6.551,5.936,6.984,4.96,4.819,5.434,5.859,7.186,7.01,6.797,6.365,7.246,7.073,5.312,5.602,6.503,6.888,7.095,6.395,6.835,5.523
9/22/2022,10:46:51 AM,1.33E+17,0:19:00,48.84,48.61,49.8,48.03,48.46,47.29,49.89,49.24,49.37,48.72,46.98,47.22,47.83,48.63,47.13,46.93,49.32,48.97,48.45,47.36,47.2,48.52,47.36,49.2,26016,27180,27183,25913,26633,28689,26972,26531,25089,27168,25375,29697,28072,27199,26339,32656,35670,35858,33643,27964,30074,29951,31529,33781,5.818,6.318,4.785,6.518,5.922,6.984,4.924,4.747,5.422,5.871,7.186,7.033,6.76,6.339,7.259,7.073,5.299,5.602,6.503,6.877,7.084,6.383,6.848,5.472
9/22/2022,10:47:06 AM,1.33E+17,0:19:15,48.83,48.63,49.85,48.03,48.46,47.3,49.89,49.25,49.35,48.72,46.96,47.25,47.84,48.59,47.12,46.93,49.32,48.99,48.44,47.34,47.19,48.53,47.39,49.2,26005,27194,27175,25896,26126,28808,27026,26568,25205,27185,25446,29787,28109,27297,26355,32817,35731,35799,33753,27932,30142,29980,31568,33892,5.83,6.293,4.72,6.518,5.922,6.972,4.924,4.729,5.447,5.871,7.215,6.999,6.748,6.39,7.273,7.073,5.299,5.578,6.515,6.9,7.095,6.371,6.809,5.472
9/22/2022,10:47:21 AM,1.33E+17,0:19:30,48.83,48.67,49.92,48.05,48.47,47.31,49.92,49.24,49.36,48.74,46.99,47.24,47.86,48.57,47.13,46.93,49.34,49.01,48.45,47.36,47.2,48.55,47.38,49.19,25999,27129,27119,25865,25995,28635,26916,26466,25081,27186,25383,29637,28004,27136,26296,32811,35729,35860,33725,27850,30090,29975,31444,33800,5.83,6.245,4.628,6.484,5.909,6.961,4.889,4.747,5.434,5.846,7.172,7.01,6.724,6.415,7.259,7.073,5.274,5.555,6.503,6.877,7.084,6.347,6.822,5.484
9/22/2022,10:47:36 AM,1.33E+17,0:19:45,48.83,48.65,50.01,48.03,48.46,47.31,49.95,49.26,49.38,48.76,47,47.23,47.85,48.58,47.14,46.94,49.37,49.03,48.43,47.37,47.18,48.54,47.36,49.21,25994,27234,27169,25876,25910,28632,27010,26458,25132,27217,25380,29666,28049,27162,26350,32795,35791,35899,33707,27896,30095,30026,31520,33827,5.83,6.269,4.512,6.518,5.922,6.961,4.854,4.712,5.409,5.821,7.158,7.022,6.736,6.403,7.246,7.059,5.237,5.531,6.528,6.865,7.107,6.359,6.848,5.459
9/22/2022,10:47:51 AM,1.33E+17,0:20:00,48.85,48.68,50,48.05,48.49,47.32,49.93,49.29,49.37,48.78,46.99,47.23,47.88,48.55,47.15,46.96,49.36,49.05,48.44,47.36,47.2,48.54,47.36,49.21,25991,27262,27191,25908,26041,28669,26998,26512,25047,27255,25383,29629,28020,27164,26373,32810,35876,35880,33627,27839,30133,30091,31463,33867,5.806,6.233,4.525,6.484,5.882,6.95,4.877,4.658,5.422,5.796,7.172,7.022,6.7,6.441,7.232,7.03,5.249,5.508,6.515,6.877,7.084,6.359,6.848,5.459
9/22/2022,10:48:06 AM,1.33E+17,0:20:15,48.85,48.68,50.02,48.03,48.47,47.31,49.97,49.29,49.38,48.79,47,47.25,47.86,48.54,47.14,46.96,49.38,49.07,48.43,47.36,47.18,48.57,47.36,49.24,25994,27200,27214,25913,26092,28722,26976,26501,25098,27207,25428,29677,28084,27195,26336,32844,35869,35922,33707,27876,30070,30179,31444,33840,5.806,6.233,4.499,6.518,5.909,6.961,4.83,4.658,5.409,5.784,7.158,6.999,6.724,6.454,7.246,7.03,5.225,5.485,6.528,6.877,7.107,6.322,6.848,5.421
9/22/2022,10:48:21 AM,1.33E+17,0:20:30,48.87,48.7,50.04,48.05,48.5,47.31,49.98,49.29,49.38,48.81,46.99,47.26,47.91,48.55,47.15,46.97,49.41,49.1,48.44,47.36,47.18,48.57,47.37,49.25,25997,27146,27192,25859,26044,28711,27002,26501,25132,27241,25437,29750,28115,27192,26336,32819,35785,35910,33739,27902,30166,30441,31472,33998,5.782,6.209,4.473,6.484,5.868,6.961,4.819,4.658,5.409,5.759,7.172,6.987,6.664,6.441,7.232,7.016,5.187,5.449,6.515,6.877,7.107,6.322,6.835,5.408
9/22/2022,10:48:36 AM,1.33E+17,0:20:45,48.86,48.68,50.03,48.05,48.51,47.32,50.02,49.3,49.39,48.84,47,47.23,47.91,48.53,47.16,46.97,49.49,49.11,48.45,47.37,47.19,48.57,47.39,49.26,25999,27188,27161,25899,26010,28703,27019,26509,25047,27250,25414,29669,28044,27151,26345,32912,35928,34891,33765,27845,30152,30801,31430,33790,5.794,6.233,4.486,6.484,5.855,6.95,4.772,4.64,5.397,5.721,7.158,7.022,6.664,6.466,7.219,7.016,5.089,5.438,6.503,6.865,7.095,6.322,6.809,5.396
9/22/2022,10:48:51 AM,1.33E+17,0:21:00,48.91,48.71,50.03,48.05,48.52,47.31,50.01,49.32,49.39,48.83,47,47.25,47.91,48.53,47.16,46.99,49.52,49.12,48.45,47.37,47.22,48.58,47.38,49.25,26008,27160,27135,25885,26064,28657,26982,26501,25044,27239,25406,29736,28006,27145,26319,32837,35836,34918,33690,27831,30160,31158,31481,33838,5.734,6.197,4.486,6.484,5.842,6.961,4.783,4.605,5.397,5.734,7.158,6.999,6.664,6.466,7.219,6.988,5.052,5.426,6.503,6.865,7.06,6.31,6.822,5.408
9/22/2022,10:49:06 AM,1.33E+17,0:21:15,48.89,48.7,50.04,48.03,48.53,47.31,50.01,49.31,49.39,48.83,47.01,47.25,47.91,48.52,47.14,46.99,49.59,49.14,48.44,47.36,47.19,48.59,47.39,49.27,26005,27183,27132,25893,26052,28731,26951,26529,25070,27250,25388,29702,28084,27117,26344,32970,35999,34856,33724,27850,30215,31650,31494,33860,5.758,6.209,4.473,6.518,5.828,6.961,4.783,4.622,5.397,5.734,7.144,6.999,6.664,6.479,7.246,6.988,4.966,5.403,6.515,6.877,7.095,6.298,6.809,5.383
9/22/2022,10:49:21 AM,1.33E+17,0:21:30,48.89,48.72,50.01,48.04,48.51,47.31,49.99,49.31,49.42,48.85,46.99,47.25,47.91,48.51,47.14,46.97,49.6,49.15,48.43,47.38,47.2,48.61,47.39,49.28,26008,27183,27155,25944,26658,28711,26988,26509,25118,27304,25437,29705,28055,27122,26339,33174,36074,34966,33735,27928,30353,32348,31488,33878,5.758,6.185,4.512,6.501,5.855,6.961,4.807,4.622,5.359,5.709,7.172,6.999,6.664,6.492,7.246,7.016,4.953,5.391,6.528,6.853,7.084,6.274,6.809,5.37
9/22/2022,10:49:36 AM,1.33E+17,0:21:45,48.9,48.75,50.05,48.04,48.53,47.32,49.99,49.32,49.43,48.84,47.01,47.25,47.91,48.54,47.17,47.02,49.62,49.18,48.43,47.35,47.2,48.63,47.39,49.29,26045,27299,27240,25944,26103,28725,26818,26552,25078,27296,25414,29694,28138,27234,26391,37186,36090,34988,33661,27949,30483,33405,31493,33836,5.746,6.149,4.46,6.501,5.828,6.95,4.807,4.605,5.347,5.721,7.144,6.999,6.664,6.454,7.205,6.945,4.929,5.356,6.528,6.888,7.084,6.249,6.809,5.358
9/22/2022,10:49:51 AM,1.33E+17,0:22:00,48.9,48.77,50.06,48.05,48.53,47.32,50.01,49.33,49.46,48.89,47,47.26,47.91,48.54,47.16,47,49.62,49.2,48.42,47.37,47.21,48.64,47.38,49.32,26042,27299,27204,25919,26061,28737,26772,26575,25133,27331,25406,29702,28067,27226,26365,37484,36079,34959,33680,27862,30606,34067,31476,33889,5.746,6.125,4.447,6.484,5.828,6.95,4.783,4.587,5.309,5.659,7.158,6.987,6.664,6.454,7.219,6.974,4.929,5.333,6.54,6.865,7.072,6.237,6.822,5.32
9/22/2022,10:50:06 AM,1.33E+17,0:22:15,48.9,48.76,50.09,48.04,48.54,47.3,50,49.34,49.46,48.86,47.01,47.24,47.92,48.56,47.14,47,49.61,49.2,48.42,47.37,47.2,48.63,47.37,49.31,26036,27239,27113,25865,26687,28666,26662,26600,25107,27203,25417,29663,28053,27170,26347,37594,36098,34959,33635,27862,30808,34492,31570,33891,5.746,6.137,4.408,6.501,5.815,6.972,4.795,4.569,5.309,5.696,7.144,7.01,6.652,6.428,7.246,6.974,4.941,5.333,6.54,6.865,7.084,6.249,6.835,5.332
9/22/2022,10:50:21 AM,1.33E+17,0:22:30,48.91,48.76,50.1,48.05,48.52,47.29,50.02,49.33,49.46,48.87,47,47.25,47.91,48.56,47.15,47.01,49.63,49.22,48.42,47.37,47.2,48.62,47.37,49.32,26036,27211,27133,25868,26027,28649,26668,26552,25065,27268,25431,29683,28047,27164,26348,37657,36060,34951,33629,27871,30919,34557,31478,33889,5.734,6.137,4.395,6.484,5.842,6.984,4.772,4.587,5.309,5.684,7.158,6.999,6.664,6.428,7.232,6.96,4.916,5.31,6.54,6.865,7.084,6.261,6.835,5.32
9/22/2022,10:50:36 AM,1.33E+17,0:22:45,48.94,48.79,50.1,48.06,48.55,47.32,50.02,49.34,49.47,48.9,47.01,47.27,47.92,48.55,47.18,47.03,49.64,49.24,48.42,47.39,47.22,48.62,47.4,49.36,26031,27256,27105,25862,26066,28688,26625,26535,25073,27249,25374,29646,28004,27123,26351,37621,36034,34938,33597,27900,30959,34468,31454,33860,5.698,6.101,4.395,6.467,5.801,6.95,4.772,4.569,5.297,5.646,7.144,6.976,6.652,6.441,7.192,6.931,4.904,5.287,6.54,6.842,7.06,6.261,6.796,5.269
9/22/2022,10:50:51 AM,1.33E+17,0:23:00,48.93,48.78,50.1,48.04,48.55,47.3,50.04,49.35,49.46,48.9,47.02,47.24,47.94,48.52,47.17,47.02,49.62,49.24,48.39,47.36,47.2,48.6,47.4,49.36,26037,27299,27150,25834,26693,28705,26611,26601,25104,27255,25437,29705,28014,27185,26346,37695,36128,34973,33727,27887,31127,34439,31534,33930,5.71,6.113,4.395,6.501,5.801,6.972,4.748,4.551,5.309,5.646,7.129,7.01,6.628,6.479,7.205,6.945,4.929,5.287,6.578,6.877,7.084,6.286,6.796,5.269
9/22/2022,10:51:06 AM,1.33E+17,0:23:15,48.92,48.79,50.1,48.03,48.55,47.31,50.04,49.37,49.46,48.91,47.02,47.25,47.93,48.54,47.17,47.01,49.63,49.26,48.41,47.36,47.21,48.63,47.39,49.36,26036,27242,27099,25831,26092,28660,26634,26575,25116,27300,25462,29691,28056,27169,26360,37646,36097,35094,33702,27984,31256,34409,31570,33906,5.722,6.101,4.395,6.518,5.801,6.961,4.748,4.516,5.309,5.634,7.129,6.999,6.64,6.454,7.205,6.96,4.916,5.264,6.553,6.877,7.072,6.249,6.809,5.269
9/22/2022,10:51:21 AM,1.33E+17,0:23:30,48.96,48.8,50.13,48.07,48.55,47.32,50.06,49.4,49.46,48.95,47.03,47.26,47.94,48.54,47.19,47.02,49.62,49.3,48.41,47.4,47.21,48.64,47.41,49.38,26034,27222,27097,25865,25962,28705,26600,26595,25118,27307,25439,29697,28011,27188,26380,37640,36104,34988,33668,27982,31472,34378,31508,33933,5.674,6.089,4.357,6.45,5.801,6.95,4.725,4.463,5.309,5.584,7.115,6.987,6.628,6.454,7.178,6.945,4.929,5.217,6.553,6.83,7.072,6.237,6.783,5.244
9/22/2022,10:51:36 AM,1.33E+17,0:23:45,48.96,48.82,50.18,48.06,48.59,47.33,50.07,49.38,49.47,48.94,47.02,47.26,47.96,48.54,47.17,47.02,49.62,49.29,48.41,47.38,47.24,48.64,47.39,49.36,26039,27248,27370,25927,26098,28666,26603,26513,25099,27270,25380,29558,28061,27188,26382,37697,36096,35030,33614,27957,31698,34416,31582,33909,5.674,6.065,4.292,6.467,5.748,6.938,4.713,4.498,5.297,5.597,7.129,6.987,6.604,6.454,7.205,6.945,4.929,5.229,6.553,6.853,7.037,6.237,6.809,5.269
9/22/2022,10:51:51 AM,1.33E+17,0:24:00,48.96,48.82,50.24,48.05,48.55,47.3,50.08,49.36,49.47,48.95,47.03,47.23,47.92,48.53,47.19,47.02,49.61,49.32,48.4,47.36,47.24,48.64,47.39,49.36,26040,27245,27972,25959,26075,28626,26666,26535,25118,27318,25419,29637,28007,27183,26426,37652,36104,35053,33585,27944,31821,34464,31624,33881,5.674,6.065,4.216,6.484,5.801,6.972,4.701,4.534,5.297,5.584,7.115,7.022,6.652,6.466,7.178,6.945,4.941,5.194,6.565,6.877,7.037,6.237,6.809,5.269
9/22/2022,10:52:06 AM,1.33E+17,0:24:15,48.98,48.85,50.23,48.07,48.57,47.33,50.09,49.4,49.45,48.97,47.01,47.26,47.93,48.55,47.21,47.03,49.62,49.31,48.41,47.38,47.22,48.62,47.4,49.36,26040,27285,27280,25922,25899,28635,26663,26581,25093,27404,25383,29600,27965,27175,26367,37647,36096,35077,33611,27913,32076,34493,31597,33917,5.65,6.029,4.228,6.45,5.775,6.938,4.69,4.463,5.322,5.559,7.144,6.987,6.64,6.441,7.151,6.931,4.929,5.206,6.553,6.853,7.06,6.261,6.796,5.269
9/22/2022,10:52:21 AM,1.33E+17,0:24:30,48.97,48.84,50.26,48.07,48.58,47.3,50.11,49.4,49.44,48.96,47.03,47.27,47.94,48.56,47.19,47.02,49.59,49.32,48.39,47.39,47.22,48.62,47.41,49.37,26051,27302,27289,25888,25885,28706,26627,26556,25030,27355,25360,29578,27985,27161,26403,37581,36151,35044,33518,27900,32236,34434,31483,33947,5.662,6.041,4.19,6.45,5.761,6.972,4.666,4.463,5.334,5.572,7.115,6.976,6.628,6.428,7.178,6.945,4.966,5.194,6.578,6.842,7.06,6.261,6.783,5.257
9/22/2022,10:52:36 AM,1.33E+17,0:24:45,48.98,48.84,50.28,48.06,48.59,47.33,50.15,49.42,49.5,48.99,47.03,47.27,47.96,48.57,47.2,47.05,49.61,49.35,48.39,47.38,47.24,48.63,47.38,49.39,26040,27282,27324,25876,26052,28674,26681,26649,25105,27313,25411,29609,28043,27170,26383,37636,36135,35054,33487,27948,32464,34492,31501,33954,5.65,6.041,4.164,6.467,5.748,6.938,4.62,4.427,5.259,5.534,7.115,6.976,6.604,6.415,7.165,6.903,4.941,5.16,6.578,6.853,7.037,6.249,6.822,5.231
9/22/2022,10:52:51 AM,1.33E+17,0:25:00,48.99,48.85,50.29,48.07,48.58,47.32,50.14,49.41,49.6,48.98,47.04,47.26,47.93,48.58,47.17,47.03,49.62,49.34,48.41,47.39,47.24,48.63,47.39,49.36,26040,27293,27233,25913,25950,28683,26596,26590,25193,27364,25382,29609,28028,27296,26377,37658,36119,35040,33602,27940,32706,34395,31522,33909,5.638,6.029,4.152,6.45,5.761,6.95,4.632,4.445,5.135,5.547,7.101,6.987,6.64,6.403,7.205,6.931,4.929,5.171,6.553,6.842,7.037,6.249,6.809,5.269
9/22/2022,10:53:06 AM,1.33E+17,0:25:15,48.97,48.85,50.34,48.05,48.59,47.33,50.19,49.43,49.63,49,47.03,47.27,47.93,48.57,47.2,47.05,49.63,49.35,48.4,47.39,47.25,48.62,47.39,49.4,26096,27344,27336,26075,26120,28731,27118,26672,25191,27450,25434,29708,28030,27247,26440,37236,36228,35154,33595,27917,33026,34493,31601,33943,5.662,6.029,4.088,6.484,5.748,6.938,4.573,4.409,5.098,5.522,7.115,6.976,6.64,6.415,7.165,6.903,4.916,5.16,6.565,6.842,7.025,6.261,6.809,5.219
9/22/2022,10:53:21 AM,1.33E+17,0:25:30,48.99,48.85,50.34,48.05,48.63,47.32,50.21,49.43,49.65,49.02,47.05,47.25,47.93,48.56,47.19,47.04,49.64,49.36,48.39,47.38,47.24,48.61,47.4,49.41,26085,27276,27313,25976,26135,28748,28412,26632,25256,27433,25470,29685,28056,27227,26391,36738,36183,35087,33592,27908,33424,34462,31539,33981,5.638,6.029,4.088,6.484,5.694,6.95,4.55,4.409,5.074,5.497,7.087,6.999,6.64,6.428,7.178,6.917,4.904,5.148,6.578,6.853,7.037,6.274,6.796,5.206
9/22/2022,10:53:36 AM,1.33E+17,0:25:45,49.01,48.85,50.35,48.05,48.6,47.33,50.23,49.43,49.75,49.01,47.04,47.27,47.94,48.58,47.2,47.03,49.65,49.37,48.39,47.38,47.25,48.6,47.4,49.46,26077,27285,27223,25950,26112,28737,28282,26644,25248,27303,25402,29736,28025,27196,26369,36701,36127,35059,33512,27913,33615,34426,31540,33988,5.615,6.029,4.075,6.484,5.734,6.938,4.527,4.409,4.951,5.51,7.101,6.976,6.628,6.403,7.165,6.931,4.892,5.137,6.578,6.853,7.025,6.286,6.796,5.144
9/22/2022,10:53:51 AM,1.33E+17,0:26:00,49.02,48.85,50.36,48.06,48.61,47.33,50.26,49.45,49.75,49.06,47.03,47.27,47.91,48.58,47.2,47.05,49.65,49.37,48.39,47.38,47.27,48.6,47.39,49.52,26065,27316,27297,25995,26115,28748,28288,26641,25195,27369,25371,29799,28030,27153,26386,36730,36181,35119,33558,27902,34248,34393,31516,34027,5.603,6.029,4.062,6.467,5.721,6.938,4.492,4.374,4.951,5.448,7.115,6.976,6.664,6.403,7.165,6.903,4.892,5.137,6.578,6.853,7.002,6.286,6.809,5.068
9/22/2022,10:54:06 AM,1.33E+17,0:26:15,49.02,48.86,50.37,48.09,48.62,47.31,50.28,49.44,49.77,49.08,47.03,47.27,47.93,48.55,47.2,47.05,49.66,49.38,48.38,47.39,47.24,48.61,47.42,49.54,26065,27285,27229,25970,25919,28595,28192,26641,25172,27406,25374,29830,28027,27195,26363,36758,36199,35028,33511,27908,34565,34372,31520,34068,5.603,6.017,4.05,6.416,5.708,6.961,4.469,4.392,4.926,5.423,7.115,6.976,6.64,6.441,7.165,6.903,4.88,5.125,6.59,6.842,7.037,6.274,6.77,5.043
9/22/2022,10:54:21 AM,1.33E+17,0:26:30,49.03,48.88,50.37,48.06,48.63,47.34,50.29,49.48,49.81,49.11,47.08,47.3,47.91,48.59,47.2,47.06,49.67,49.4,48.38,47.4,47.26,48.6,47.41,49.57,26071,27287,27237,25953,26126,28720,28232,26650,25294,27413,25428,29872,27972,27244,26363,36758,36176,35086,33562,27860,34743,34338,31656,34072,5.591,5.993,4.05,6.467,5.694,6.927,4.457,4.321,4.877,5.386,7.044,6.942,6.664,6.39,7.165,6.889,4.868,5.102,6.59,6.83,7.013,6.286,6.783,5.006
9/22/2022,10:54:36 AM,1.33E+17,0:26:45,49.02,48.88,50.43,48.07,48.62,47.31,50.29,49.48,49.89,49.12,47.03,47.25,47.91,48.58,47.22,47.06,49.65,49.38,48.38,47.4,47.24,48.59,47.41,49.55,26065,27358,27267,25933,26007,28601,28169,26659,25363,27456,25417,29898,27950,27213,26418,36781,36167,35071,33560,27926,34884,34395,31594,34034,5.603,5.993,3.973,6.45,5.708,6.961,4.457,4.321,4.779,5.374,7.115,6.999,6.664,6.403,7.138,6.889,4.892,5.125,6.59,6.83,7.037,6.298,6.783,5.031
9/22/2022,10:54:51 AM,1.33E+17,0:27:00,49.03,48.88,50.49,48.07,48.64,47.31,50.31,49.46,49.89,49.12,47.03,47.27,47.91,48.57,47.21,47.05,49.66,49.39,48.35,47.38,47.26,48.6,47.43,49.54,26063,27344,27256,25970,25987,28655,28144,26641,25293,27405,25411,29909,27949,27241,26372,36821,36250,35089,33635,27913,34974,34441,31669,34068,5.591,5.993,3.897,6.45,5.681,6.961,4.434,4.356,4.779,5.374,7.115,6.976,6.664,6.415,7.151,6.903,4.88,5.114,6.628,6.853,7.013,6.286,6.757,5.043
9/22/2022,10:55:06 AM,1.33E+17,0:27:15,49.02,48.87,50.52,48.07,48.64,47.32,50.34,49.51,49.9,49.13,47.04,47.28,47.93,48.57,47.21,47.06,49.66,49.39,48.36,47.4,47.25,48.59,47.41,49.55,26068,27299,27336,25981,26013,28635,28111,26676,25301,27422,25419,29926,27973,27290,26403,36727,36176,35143,33627,27906,35044,34409,31611,34046,5.603,6.005,3.859,6.45,5.681,6.95,4.4,4.268,4.767,5.362,7.101,6.964,6.64,6.415,7.151,6.889,4.88,5.114,6.615,6.83,7.025,6.298,6.783,5.031
9/22/2022,10:55:21 AM,1.33E+17,0:27:30,49.02,48.88,50.52,48.08,48.64,47.32,50.35,49.48,49.94,49.17,47.05,47.27,47.91,48.55,47.21,47.06,49.69,49.39,48.39,47.39,47.25,48.59,47.41,49.57,26068,27324,27328,25936,26027,28660,28117,26687,25344,27454,25419,30028,27955,27220,26367,36770,36093,35218,33486,27917,35030,34440,31574,34045,5.603,5.993,3.859,6.433,5.681,6.95,4.388,4.321,4.718,5.312,7.087,6.976,6.664,6.441,7.151,6.889,4.843,5.114,6.578,6.842,7.025,6.298,6.783,5.006
9/22/2022,10:55:36 AM,1.33E+17,0:27:45,49.03,48.86,50.52,48.09,48.65,47.31,50.37,49.51,49.96,49.15,47.03,47.26,47.9,48.57,47.2,47.07,49.66,49.39,48.36,47.41,47.26,48.59,47.42,49.57,26054,27296,27390,25936,25987,28643,28120,26676,25344,27454,25419,30003,27935,27219,26406,36762,36111,35038,33579,27981,35077,34494,31601,34062,5.591,6.017,3.859,6.416,5.668,6.961,4.365,4.268,4.694,5.337,7.115,6.987,6.676,6.415,7.165,6.875,4.88,5.114,6.615,6.819,7.013,6.298,6.77,5.006
9/22/2022,10:55:51 AM,1.33E+17,0:28:00,49.05,48.9,50.51,48.1,48.67,47.31,50.36,49.52,49.98,49.19,47.04,47.28,47.94,48.58,47.21,47.06,49.69,49.4,48.38,47.4,47.27,48.6,47.42,49.59,26051,27273,27322,25956,25933,28638,28066,26679,25325,27440,25357,30008,27959,27179,26389,36838,36143,35117,33531,27914,35105,34452,31571,34048,5.567,5.969,3.872,6.4,5.641,6.961,4.377,4.25,4.67,5.288,7.101,6.964,6.628,6.403,7.151,6.889,4.843,5.102,6.59,6.83,7.002,6.286,6.77,4.981
9/22/2022,10:56:06 AM,1.33E+17,0:28:15,49.03,48.91,50.52,48.07,48.67,47.31,50.41,49.51,49.98,49.18,47.04,47.28,47.92,48.61,47.21,47.08,49.69,49.41,48.36,47.38,47.26,48.6,47.42,49.58,26060,27251,27402,25927,26013,28609,28092,26656,25376,27491,25391,30139,27984,27203,26426,36700,36133,35065,33556,27902,35082,34383,31623,34031,5.591,5.957,3.859,6.45,5.641,6.961,4.319,4.268,4.67,5.3,7.101,6.964,6.652,6.365,7.151,6.861,4.843,5.091,6.615,6.853,7.013,6.286,6.77,4.993
9/22/2022,10:56:21 AM,1.33E+17,0:28:30,49.04,48.89,50.52,48.06,48.67,47.32,50.39,49.52,49.97,49.23,47.05,47.3,47.93,48.66,47.23,47.08,49.73,49.42,48.36,47.42,47.27,48.61,47.45,49.59,26060,27265,27260,25922,26115,28652,28089,26719,25327,27430,25436,30147,27982,27259,26370,36754,36156,35071,33507,27964,35142,34384,31607,34034,5.579,5.981,3.859,6.467,5.641,6.95,4.342,4.25,4.682,5.239,7.087,6.942,6.64,6.301,7.124,6.861,4.794,5.079,6.615,6.807,7.002,6.274,6.731,4.981
9/22/2022,10:56:36 AM,1.33E+17,0:28:45,49.05,48.93,50.54,48.07,48.69,47.33,50.43,49.54,50,49.28,47.06,47.27,47.92,48.67,47.23,47.08,49.74,49.42,48.37,47.4,47.26,48.6,47.42,49.58,26057,27307,27391,25902,26070,28620,28073,26688,25365,27516,25368,30082,27944,27220,26370,36799,36191,34997,33587,27880,35059,34474,31551,34076,5.567,5.934,3.834,6.45,5.614,6.938,4.296,4.215,4.645,5.178,7.072,6.976,6.652,6.289,7.124,6.861,4.782,5.079,6.603,6.83,7.013,6.286,6.77,4.993
9/22/2022,10:56:51 AM,1.33E+17,0:29:00,49.04,48.93,50.56,48.07,48.68,47.33,50.45,49.55,49.96,49.28,47.06,47.27,47.93,48.67,47.22,47.08,49.76,49.42,48.36,47.4,47.27,48.61,47.42,49.58,26060,27276,27360,25942,26024,28615,28073,26708,25356,27511,25360,30173,27979,27217,26390,36751,36241,35023,33595,28002,35022,34487,31643,34080,5.579,5.934,3.809,6.45,5.628,6.938,4.273,4.197,4.694,5.178,7.072,6.976,6.64,6.289,7.138,6.861,4.758,5.079,6.615,6.83,7.002,6.274,6.77,4.993
9/22/2022,10:57:06 AM,1.33E+17,0:29:15,49.06,48.9,50.57,48.08,48.67,47.3,50.43,49.54,49.91,49.29,47.02,47.27,47.92,48.64,47.21,47.08,49.77,49.44,48.34,47.39,47.24,48.59,47.4,49.58,26057,27321,27392,25916,25987,28609,28087,26648,25316,27463,25388,30201,28010,27262,26384,36783,36200,35093,33618,27880,34996,34369,31568,34051,5.555,5.969,3.796,6.433,5.641,6.972,4.296,4.215,4.755,5.165,7.129,6.976,6.652,6.327,7.151,6.861,4.746,5.056,6.64,6.842,7.037,6.298,6.796,4.993
9/22/2022,10:57:21 AM,1.33E+17,0:29:30,49.08,48.93,50.63,48.07,48.7,47.32,50.47,49.55,49.97,49.31,47.05,47.29,47.97,48.65,47.24,47.07,49.79,49.45,48.36,47.41,47.26,48.6,47.44,49.61,26060,27307,27446,25919,25985,28558,28051,26730,25376,27509,25405,30246,27963,27259,26379,36688,36166,35090,33655,27946,34956,34438,31627,34075,5.531,5.934,3.721,6.45,5.601,6.95,4.25,4.197,4.682,5.141,7.087,6.953,6.592,6.314,7.111,6.875,4.721,5.045,6.615,6.819,7.013,6.286,6.744,4.956
9/22/2022,10:57:36 AM,1.33E+17,0:29:45,49.07,48.89,50.64,48.05,48.71,47.33,50.48,49.56,50.02,49.33,47.04,47.27,47.97,48.64,47.22,47.07,49.79,49.45,48.34,47.4,47.26,48.58,47.42,49.6,26063,27310,27421,25942,26138,28660,28136,26713,25345,27569,25419,30192,28013,27225,26398,36677,36198,35137,33594,27937,34999,34502,31566,34061,5.543,5.981,3.708,6.484,5.588,6.938,4.239,4.18,4.621,5.117,7.101,6.976,6.592,6.327,7.138,6.875,4.721,5.045,6.64,6.83,7.013,6.31,6.77,4.969
9/22/2022,10:57:51 AM,1.33E+17,0:30:00,49.08,48.92,50.72,48.08,48.69,47.33,50.51,49.57,50.01,49.32,47.05,47.28,48,48.65,47.22,47.08,49.79,49.47,48.34,47.4,47.26,48.58,47.42,49.61,26111,27324,27528,25936,26101,28632,34225,26796,25393,27555,25317,30416,27831,27296,26427,36308,36204,35177,33474,27957,34763,34371,31597,34059,5.531,5.946,3.608,6.433,5.614,6.938,4.204,4.162,4.633,5.129,7.087,6.964,6.556,6.314,7.138,6.861,4.721,5.022,6.64,6.83,7.013,6.31,6.77,4.956
9/22/2022,10:58:06 AM,1.33E+17,0:30:15,49.09,48.92,50.72,48.08,48.69,47.31,50.54,49.58,50.04,49.31,47.03,47.3,48.01,48.67,47.22,47.08,49.79,49.48,48.36,47.38,47.26,48.54,47.42,49.6,26097,27321,27536,25944,26078,28671,34192,26776,25391,27557,25360,30532,27850,27294,26413,36357,36261,35144,32512,27888,34723,34394,31660,34122,5.52,5.946,3.608,6.433,5.614,6.961,4.17,4.145,4.597,5.141,7.115,6.942,6.544,6.289,7.138,6.861,4.721,5.01,6.615,6.853,7.013,6.359,6.77,4.969
9/22/2022,10:58:21 AM,1.33E+17,0:30:30,49.09,48.94,50.72,48.07,48.71,47.33,50.55,49.59,50.03,49.34,47.07,47.28,48.02,48.68,47.23,47.09,49.81,49.5,48.34,47.41,47.26,48.54,47.44,49.63,26097,27307,27556,25936,26237,28663,34181,26810,25402,27581,25433,30649,27813,27303,26384,36459,36227,35123,32556,27920,34635,34504,31653,34063,5.52,5.922,3.608,6.45,5.588,6.938,4.158,4.127,4.609,5.104,7.058,6.964,6.532,6.276,7.124,6.847,4.697,4.987,6.64,6.819,7.013,6.359,6.744,4.931
9/22/2022,10:58:36 AM,1.33E+17,0:30:45,49.1,48.92,50.73,48.08,48.71,47.32,50.58,49.62,50.03,49.38,47.02,47.3,48.02,48.67,47.22,47.09,49.8,49.54,48.34,47.4,47.26,48.52,47.43,49.64,26097,27387,27565,26041,26030,28751,34216,26816,25461,27644,25524,30694,27873,27354,26427,36518,36304,35271,32653,28011,34666,34546,31692,34207,5.508,5.946,3.595,6.433,5.588,6.95,4.124,4.074,4.609,5.056,7.129,6.942,6.532,6.289,7.138,6.847,4.709,4.942,6.64,6.83,7.013,6.383,6.757,4.919
9/22/2022,10:58:51 AM,1.33E+17,0:31:00,49.1,48.95,50.74,48.09,48.73,47.33,50.59,49.63,50.04,49.39,47.06,47.29,48.04,48.66,47.24,47.11,49.8,49.55,48.34,47.42,47.27,48.55,47.43,49.63,26091,27438,27573,26018,26038,28708,34236,26813,25430,27625,25575,30864,27859,27359,26484,36511,36327,35250,32647,27995,34720,34456,31689,34203,5.508,5.91,3.583,6.416,5.561,6.938,4.113,4.057,4.597,5.043,7.072,6.953,6.509,6.301,7.111,6.819,4.709,4.93,6.64,6.807,7.002,6.347,6.757,4.931
9/22/2022,10:59:06 AM,1.33E+17,0:31:15,49.12,48.94,50.73,48.08,48.74,47.31,50.62,49.63,50.06,49.41,47.07,47.27,48.07,48.68,47.23,47.1,49.81,49.56,48.33,47.41,47.26,48.53,47.43,49.66,26100,27330,27474,25925,26010,28604,34126,26762,25334,27585,25538,30895,27755,27255,26404,36383,36242,35185,32572,27935,34640,34421,31606,34082,5.484,5.922,3.595,6.433,5.548,6.961,4.079,4.057,4.573,5.019,7.058,6.976,6.473,6.276,7.124,6.833,4.697,4.919,6.653,6.819,7.013,6.371,6.757,4.894
9/22/2022,10:59:21 AM,1.33E+17,0:31:30,49.11,48.96,50.73,48.1,48.73,47.31,50.61,49.63,50.06,49.42,47.05,47.29,48.09,48.67,47.23,47.1,49.81,49.61,48.33,47.4,47.26,48.52,47.42,49.67,26105,27313,27488,25905,25936,28595,34129,26728,25382,27614,25536,30980,27770,27243,26376,36363,36231,35126,32544,27917,34635,34346,31591,34089,5.496,5.898,3.595,6.4,5.561,6.961,4.09,4.057,4.573,5.007,7.087,6.953,6.449,6.289,7.124,6.833,4.697,4.862,6.653,6.83,7.013,6.383,6.77,4.881
9/22/2022,10:59:36 AM,1.33E+17,0:31:45,49.12,48.97,50.73,48.08,48.75,47.32,50.64,49.67,50.07,49.44,47.07,47.29,48.11,48.68,47.26,47.11,49.82,49.6,48.31,47.41,47.26,48.52,47.45,49.7,26106,27364,27525,25927,26033,28618,34160,26771,25365,27595,25507,31105,27780,27246,26394,36386,36257,35176,32548,27895,34612,34303,31556,34137,5.484,5.886,3.595,6.433,5.534,6.95,4.056,3.987,4.56,4.983,7.058,6.953,6.425,6.276,7.084,6.819,4.685,4.873,6.678,6.819,7.013,6.383,6.731,4.844
9/22/2022,10:59:51 AM,1.33E+17,0:32:00,49.12,48.96,50.74,48.08,48.75,47.32,50.64,49.66,50.07,49.47,47.06,47.3,48.13,48.68,47.23,47.11,49.8,49.6,48.33,47.4,47.26,48.51,47.44,49.7,26117,27389,27415,25953,25971,28578,34095,26768,25394,27601,25533,31204,27762,27243,26373,36400,36244,35205,32541,27897,34612,34334,31584,34114,5.484,5.898,3.583,6.433,5.534,6.95,4.056,4.004,4.56,4.946,7.072,6.942,6.401,6.276,7.124,6.819,4.709,4.873,6.653,6.83,7.013,6.395,6.744,4.844
9/22/2022,11:00:06 AM,1.33E+17,0:32:15,49.12,48.94,50.72,48.06,48.74,47.32,50.66,49.67,50.07,49.46,47.07,47.28,48.12,48.68,47.23,47.11,49.8,49.64,48.32,47.4,47.29,48.52,47.42,49.71,26114,27358,27494,25905,26129,28660,34093,26797,25326,27513,25513,31320,27755,27243,26313,36414,36175,35162,32535,27897,34642,34437,31566,34095,5.484,5.922,3.608,6.467,5.548,6.95,4.033,3.987,4.56,4.959,7.058,6.964,6.413,6.276,7.124,6.819,4.709,4.828,6.665,6.83,6.978,6.383,6.77,4.832
9/22/2022,11:00:21 AM,1.33E+17,0:32:30,49.14,48.96,50.7,48.05,48.75,47.31,50.66,49.66,50.1,49.5,47.07,47.3,48.12,48.68,47.23,47.08,49.79,49.64,48.3,47.39,47.25,48.48,47.41,49.72,26109,27242,27428,25876,26152,28655,34056,26743,25318,27549,25541,31328,27747,27269,26350,36456,36092,35231,32559,27889,34620,34313,31679,34096,5.46,5.898,3.633,6.484,5.534,6.961,4.033,4.004,4.524,4.91,7.058,6.942,6.413,6.276,7.124,6.861,4.721,4.828,6.69,6.842,7.025,6.432,6.783,4.819
9/22/2022,11:00:36 AM,1.33E+17,0:32:45,49.15,48.96,50.71,48.07,48.75,47.33,50.67,49.65,50.11,49.48,47.08,47.31,48.11,48.66,47.23,47.09,49.8,49.64,48.32,47.4,47.27,48.5,47.44,49.73,26109,27321,27434,25910,25985,28637,34099,26760,25358,27562,25544,31425,27761,27234,26367,36434,36147,35185,32520,27903,34601,34342,31638,34120,5.449,5.898,3.62,6.45,5.534,6.938,4.022,4.022,4.512,4.934,7.044,6.93,6.425,6.301,7.124,6.847,4.709,4.828,6.665,6.83,7.002,6.408,6.744,4.807
9/22/2022,11:00:51 AM,1.33E+17,0:33:00,49.15,48.97,50.71,48.06,48.75,47.31,50.69,49.65,50.14,49.49,47.06,47.28,48.1,48.67,47.26,47.1,49.8,49.67,48.32,47.4,47.26,48.49,47.42,49.75,26117,27361,27471,25857,26177,28595,34034,26794,25327,27585,25572,31451,27723,27237,26357,36374,36136,35196,32546,27900,34606,34278,31640,34153,5.449,5.886,3.62,6.467,5.534,6.961,3.999,4.022,4.476,4.922,7.072,6.964,6.437,6.289,7.084,6.833,4.709,4.794,6.665,6.83,7.013,6.42,6.77,4.782
9/22/2022,11:01:06 AM,1.33E+17,0:33:15,49.16,48.97,50.69,48.07,48.76,47.34,50.7,49.68,50.16,49.5,47.08,47.3,48.14,48.68,47.23,47.12,49.81,49.66,48.31,47.4,47.27,48.49,47.44,49.77,26126,27336,27527,25868,26070,28606,34134,26760,25418,27608,25609,31550,27756,27214,26324,36420,36085,35187,32537,27911,34607,34327,31615,34122,5.437,5.886,3.645,6.45,5.521,6.927,3.988,3.969,4.452,4.91,7.044,6.942,6.39,6.276,7.124,6.805,4.697,4.805,6.678,6.83,7.002,6.42,6.744,4.758
9/22/2022,11:01:21 AM,1.33E+17,0:33:30,49.16,48.98,50.7,48.07,48.75,47.34,50.7,49.69,50.18,49.53,47.09,47.29,48.11,48.67,47.23,47.13,49.81,49.67,48.32,47.4,47.28,48.51,47.42,49.79,26157,27426,27561,25893,26075,28632,33479,26828,25407,27654,27187,33403,28066,27203,26390,36381,36160,35173,32506,27951,34641,34431,31654,34150,5.437,5.874,3.633,6.45,5.534,6.927,3.988,3.952,4.428,4.874,7.03,6.953,6.425,6.289,7.124,6.791,4.697,4.794,6.665,6.83,6.99,6.395,6.77,4.733
9/22/2022,11:01:36 AM,1.33E+17,0:33:45,49.17,48.95,50.69,48.07,48.77,47.31,50.74,49.7,50.2,49.57,47.1,47.32,48.09,48.67,47.24,47.1,49.83,49.69,48.3,47.39,47.26,48.52,47.42,49.8,26151,27310,27482,25893,26070,28649,33514,26783,25444,27678,27499,33870,27979,27260,26342,36408,36158,35166,32516,27925,34646,34383,31575,34182,5.425,5.91,3.645,6.45,5.508,6.961,3.942,3.934,4.404,4.826,7.016,6.919,6.449,6.289,7.111,6.833,4.673,4.771,6.69,6.842,7.013,6.383,6.77,4.721
9/22/2022,11:01:51 AM,1.33E+17,0:34:00,49.16,48.97,50.67,48.06,48.77,47.3,50.74,49.7,50.2,49.57,47.08,47.31,48.08,48.66,47.24,47.1,49.8,49.68,48.3,47.42,47.25,48.55,47.44,49.79,26146,27367,27465,25910,26047,28646,33517,26797,25416,27679,27766,34193,27956,27225,26354,36335,36194,35226,32491,27944,34686,34392,31576,34150,5.437,5.886,3.67,6.467,5.508,6.972,3.942,3.934,4.404,4.826,7.044,6.93,6.461,6.301,7.111,6.833,4.709,4.782,6.69,6.807,7.025,6.347,6.744,4.733
9/22/2022,11:02:06 AM,1.33E+17,0:34:15,49.17,48.97,50.7,48.09,48.76,47.31,50.76,49.71,50.23,49.59,47.1,47.31,48.1,48.68,47.23,47.11,49.82,49.73,48.29,47.41,47.28,48.55,47.44,49.83,26146,27384,27482,25885,25988,28655,33642,26778,25458,27679,28587,34315,27877,27251,26390,36286,36194,35206,32556,27897,34616,34365,31615,34138,5.425,5.886,3.633,6.416,5.521,6.961,3.92,3.917,4.368,4.802,7.016,6.93,6.437,6.276,7.124,6.819,4.685,4.726,6.703,6.819,6.99,6.347,6.744,4.684
9/22/2022,11:02:21 AM,1.33E+17,0:34:30,49.18,48.97,50.68,48.08,48.8,47.31,50.76,49.7,50.23,49.63,47.09,47.31,48.1,48.68,47.23,47.12,49.84,49.73,48.28,47.39,47.25,48.57,47.44,49.83,26146,27378,27479,25939,26008,28535,33585,26783,25501,27669,28689,34434,27880,27277,26373,36296,36153,35264,32535,27891,34663,34464,31596,34165,5.413,5.886,3.658,6.433,5.468,6.961,3.92,3.934,4.368,4.753,7.03,6.93,6.437,6.276,7.124,6.805,4.66,4.726,6.715,6.842,7.025,6.322,6.744,4.684
9/22/2022,11:02:36 AM,1.33E+17,0:34:45,49.17,48.98,50.71,48.06,48.81,47.31,50.77,49.71,50.27,49.6,47.12,47.31,48.1,48.69,47.25,47.12,49.82,49.75,48.29,47.41,47.28,48.57,47.43,49.85,26140,27404,27510,25862,26197,28615,33594,26814,25493,27668,28808,34417,27842,27278,26368,36293,36158,35245,32496,27901,34613,34407,31623,34160,5.425,5.874,3.62,6.467,5.455,6.961,3.908,3.917,4.32,4.79,6.987,6.93,6.437,6.263,7.097,6.805,4.685,4.703,6.703,6.819,6.99,6.322,6.757,4.659
9/22/2022,11:02:51 AM,1.33E+17,0:35:00,49.18,48.95,50.68,48.07,48.8,47.3,50.77,49.7,50.29,49.62,47.11,47.32,48.11,48.66,47.22,47.12,49.83,49.75,48.3,47.39,47.28,48.56,47.44,49.86,26151,27350,27425,25868,26056,28578,33654,26783,25510,27629,28862,34542,27826,27243,26370,36330,36164,35234,32511,27931,34644,34398,31570,34156,5.413,5.91,3.658,6.45,5.468,6.972,3.908,3.934,4.296,4.765,7.001,6.919,6.425,6.301,7.138,6.805,4.673,4.703,6.69,6.842,6.99,6.334,6.744,4.647
9/22/2022,11:03:06 AM,1.33E+17,0:35:15,49.18,48.99,50.68,48.07,48.8,47.31,50.79,49.71,50.3,49.6,47.1,47.32,48.1,48.69,47.24,47.11,49.84,49.76,48.3,47.41,47.27,48.55,47.44,49.88,26143,27404,27490,25874,26178,28623,33651,26781,25525,27654,28973,34576,27823,27261,26391,36321,36162,35206,32613,27872,34601,34408,31618,34185,5.413,5.862,3.658,6.45,5.468,6.961,3.886,3.917,4.284,4.79,7.016,6.919,6.437,6.263,7.111,6.819,4.66,4.692,6.69,6.819,7.002,6.347,6.744,4.622
9/22/2022,11:03:21 AM,1.33E+17,0:35:30,49.19,48.98,50.69,48.06,48.79,47.3,50.77,49.69,50.28,49.59,47.1,47.3,48.14,48.68,47.25,47.11,49.83,49.79,48.28,47.39,47.27,48.55,47.43,49.88,26146,27353,27558,25851,26084,28578,33676,26761,25493,27673,28916,34604,27822,27201,26425,36278,36168,35280,32524,27857,34678,34483,31598,34181,5.401,5.874,3.645,6.467,5.481,6.972,3.908,3.952,4.308,4.802,7.016,6.942,6.39,6.276,7.097,6.819,4.673,4.658,6.715,6.842,7.002,6.347,6.757,4.622
9/22/2022,11:03:36 AM,1.33E+17,0:35:45,49.21,49,50.69,48.07,48.81,47.33,50.8,49.71,50.34,49.61,47.11,47.33,48.16,48.71,47.27,47.13,49.84,49.78,48.28,47.41,47.28,48.56,47.45,49.92,26151,27333,27487,25876,26144,28606,33680,26780,25519,27691,28995,34641,27831,27233,26340,36290,36190,35262,32529,27909,34670,34348,31650,34185,5.378,5.85,3.645,6.45,5.455,6.938,3.874,3.917,4.236,4.777,7.001,6.907,6.366,6.238,7.07,6.791,4.66,4.669,6.715,6.819,6.99,6.334,6.731,4.573
9/22/2022,11:03:51 AM,1.33E+17,0:36:00,49.2,49.01,50.69,48.07,48.82,47.31,50.79,49.71,50.33,49.61,47.1,47.33,48.17,48.66,47.25,47.13,49.85,49.79,48.27,47.39,47.27,48.54,47.44,49.9,26149,27313,27510,25859,26064,28533,33714,26778,25491,27668,29029,34692,27832,27222,26388,36381,36117,35254,32477,27914,34644,34428,31624,34181,5.389,5.839,3.645,6.45,5.442,6.961,3.886,3.917,4.248,4.777,7.016,6.907,6.354,6.301,7.097,6.791,4.648,4.658,6.728,6.842,7.002,6.359,6.744,4.597
9/22/2022,11:04:06 AM,1.33E+17,0:36:15,49.22,48.99,50.7,48.06,48.81,47.29,50.81,49.74,50.3,49.61,47.09,47.32,48.18,48.7,47.25,47.13,49.85,49.81,48.29,47.41,47.27,48.53,47.43,49.92,26208,27375,27522,25922,26186,28652,32710,26821,25533,27691,31164,34893,29153,27304,26402,36302,36166,35305,32478,27915,34670,34356,31589,34143,5.366,5.862,3.633,6.467,5.455,6.984,3.863,3.864,4.284,4.777,7.03,6.919,6.342,6.251,7.097,6.791,4.648,4.635,6.703,6.819,7.002,6.371,6.757,4.573
9/22/2022,11:04:21 AM,1.33E+17,0:36:30,49.21,49.01,50.69,48.05,48.83,47.32,50.8,49.74,50.39,49.6,47.12,47.32,48.18,48.68,47.26,47.12,49.87,49.8,48.27,47.42,47.28,48.52,47.43,49.92,26186,27358,27507,25893,26858,28677,32801,26843,25551,27693,30988,34992,28945,27218,26386,36276,36138,35341,32582,27912,34641,34392,31606,34181,5.378,5.839,3.645,6.484,5.428,6.95,3.874,3.864,4.176,4.79,6.987,6.919,6.342,6.276,7.084,6.805,4.624,4.647,6.728,6.807,6.99,6.383,6.757,4.573
9/22/2022,11:04:36 AM,1.33E+17,0:36:45,49.22,49.01,50.71,48.06,48.82,47.31,50.82,49.71,50.43,49.63,47.09,47.33,48.19,48.69,47.25,47.11,49.86,49.82,48.28,47.4,47.26,48.51,47.44,49.93,26177,27287,27542,25896,26212,28626,32920,26820,25583,27672,30832,35004,28920,27215,26399,36301,36135,35225,32529,27923,34615,34437,31619,34195,5.366,5.839,3.62,6.467,5.442,6.961,3.852,3.917,4.129,4.753,7.03,6.907,6.33,6.263,7.097,6.819,4.636,4.624,6.715,6.83,7.013,6.395,6.744,4.561
9/22/2022,11:04:51 AM,1.33E+17,0:37:00,49.22,49.01,50.71,48.07,48.83,47.31,50.81,49.73,50.47,49.64,47.11,47.33,48.19,48.7,47.27,47.13,49.87,49.82,48.28,47.41,47.27,48.52,47.43,49.97,26177,27316,27499,25910,26050,28643,32883,26786,25564,27683,30724,35001,28931,27202,26397,36296,36135,35285,32546,27917,34629,34369,31606,34241,5.366,5.839,3.62,6.45,5.428,6.961,3.863,3.882,4.081,4.741,7.001,6.907,6.33,6.251,7.07,6.791,4.624,4.624,6.715,6.819,7.002,6.383,6.757,4.512
9/22/2022,11:05:06 AM,1.33E+17,0:37:15,49.23,49.02,50.71,48.07,48.85,47.31,50.84,49.76,50.5,49.62,47.13,47.34,48.18,48.7,47.26,47.13,49.89,49.83,48.28,47.43,47.28,48.52,47.46,49.99,26177,27293,27539,25913,26212,28652,33034,26784,25564,27663,30687,34918,28845,27173,26391,36276,36137,35357,32480,27930,34627,34340,31616,34180,5.354,5.827,3.62,6.45,5.402,6.961,3.829,3.83,4.045,4.765,6.973,6.896,6.342,6.251,7.084,6.791,4.6,4.613,6.715,6.796,6.99,6.383,6.718,4.487
9/22/2022,11:05:21 AM,1.33E+17,0:37:30,49.23,49.01,50.72,48.08,48.82,47.29,50.84,49.72,50.5,49.63,47.11,47.35,48.18,48.7,47.27,47.11,49.88,49.83,48.27,47.39,47.27,48.51,47.44,49.98,26177,27327,27533,25919,26050,28612,33012,26860,25624,27754,30670,34947,28831,27198,26406,36403,36194,35369,32600,27939,34746,34397,31698,34277,5.354,5.839,3.608,6.433,5.442,6.984,3.829,3.899,4.045,4.753,7.001,6.884,6.342,6.251,7.07,6.819,4.612,4.613,6.728,6.842,7.002,6.395,6.744,4.499
9/22/2022,11:05:36 AM,1.33E+17,0:37:45,49.23,49.02,50.71,48.05,48.86,47.33,50.86,49.74,50.53,49.65,47.12,47.33,48.24,48.7,47.26,47.14,49.9,49.86,48.28,47.41,47.29,48.53,47.43,50,26120,27395,27610,26055,27039,28790,32601,26843,25710,27871,29780,34522,32655,27740,26357,36285,36038,35354,32369,27912,34631,34316,31615,34301,5.354,5.827,3.62,6.484,5.389,6.938,3.807,3.864,4.01,4.729,6.987,6.907,6.271,6.251,7.084,6.776,4.588,4.579,6.715,6.819,6.978,6.371,6.757,4.475
9/22/2022,11:05:51 AM,1.33E+17,0:38:00,49.24,49.02,50.73,48.06,48.85,47.32,50.89,49.75,50.52,49.66,47.12,47.33,48.23,48.72,47.29,47.14,49.91,49.86,48.26,47.41,47.3,48.5,47.44,50,25616,27440,27746,26157,26572,28952,32678,26826,25758,28019,29775,34635,34614,31178,31011,36447,36082,35557,32357,27906,34654,34365,31721,34379,5.342,5.827,3.595,6.467,5.402,6.95,3.773,3.847,4.022,4.717,6.987,6.907,6.283,6.226,7.044,6.776,4.576,4.579,6.74,6.819,6.967,6.408,6.744,4.475
9/22/2022,11:06:06 AM,1.33E+17,0:38:15,49.29,49.04,50.73,48.07,48.86,47.32,50.88,49.72,50.52,49.7,47.12,47.33,48.21,48.72,47.28,47.15,49.92,49.88,48.27,47.41,47.29,48.52,47.45,50.02,31698,27322,27588,25959,26118,28686,32613,26801,25684,32674,29743,34519,33694,31998,30809,36340,36046,35413,32386,27941,34685,34489,31631,34338,5.284,5.803,3.595,6.45,5.389,6.95,3.784,3.899,4.022,4.669,6.987,6.907,6.307,6.226,7.057,6.762,4.564,4.556,6.728,6.819,6.978,6.383,6.731,4.45
9/22/2022,11:06:21 AM,1.33E+17,0:38:30,49.28,49.03,50.72,48.05,48.89,47.31,50.88,49.72,50.49,49.7,47.11,47.33,48.22,48.74,47.3,47.14,49.91,49.87,48.24,47.42,47.29,48.5,47.44,50.02,31873,27319,27571,25967,26274,28592,32519,26784,25650,32611,29707,34468,33709,32076,30838,36319,36080,35410,32478,27958,34645,34525,31607,34349,5.295,5.815,3.608,6.484,5.349,6.961,3.784,3.899,4.057,4.669,7.001,6.907,6.295,6.2,7.03,6.776,4.576,4.568,6.766,6.807,6.978,6.408,6.744,4.45
9/22/2022,11:06:36 AM,1.33E+17,0:38:45,49.3,49.02,50.76,48.06,48.89,47.3,50.92,49.74,50.47,49.71,47.15,47.35,48.22,48.74,47.29,47.14,49.93,49.89,48.24,47.41,47.32,48.51,47.44,50.04,31752,27333,27506,25936,26354,28621,32634,26798,25604,32640,29766,34502,33660,31993,30837,36458,36041,35437,32464,28017,34655,34426,31656,34356,5.272,5.827,3.558,6.467,5.349,6.972,3.739,3.864,4.081,4.657,6.945,6.884,6.295,6.2,7.044,6.776,4.552,4.545,6.766,6.819,6.943,6.395,6.744,4.426
9/22/2022,11:06:51 AM,1.33E+17,0:39:00,46.1,49.17,46.07,43.65,37.54,27.34,29.66,32.76,25.94,30.57,18.39,34.14,17.32,22.43,26.12,24.61,30.57,54.88,15.16,31.86,41.57,44.32,48.11,53.26,584,963,944,443,121,48,80,96,88,85,62,46,68,48,70,89,69,26,69,66,232,385,356,103,,,,,,,,,,,,,,,,,,,,,,,,
9/22/2022,11:07:06 AM,1.33E+17,0:39:15,53.98,40.65,51.9,44.42,58.57,47.85,43.96,51.54,48.37,42.13,53.16,52.89,47.42,-6.46,-7.86,42.99,60.72,-2.7,60.11,1.07,68.08,46.94,70.96,66.16,28,40,42,45,31,39,39,45,42,42,34,34,28,26,22,28,17,16,26,26,25,31,22,27,,,,,,,,,,,,,,,,,,,,,,,,
9/22/2022,11:07:21 AM,1.33E+17,0:39:30,38.81,52.87,33.15,40.41,48.27,39.72,61.04,63.22,60.46,45.95,59.71,64.83,68.28,61.37,68.9,37.28,-12.16,74.3,48.8,-9.66,61.51,-8.44,73.23,42.2,34,39,43,42,39,40,37,32,40,36,28,29,19,17,31,28,24,26,22,18,33,22,26,22,,,,,,,,,,,,,,,,,,,,,,,,
