Project,Sample ID,Barcode Sequence,# Reads,Yield (Mbases),Mean Quality Score,% Bases >= 30,
30-901972406,F0-B12,ATACTTGT+TCGGCGGT,15240228,4572,37.71,89.94,done
30-901972406,F0-B22,AGGAGGTA+TGCCAACT,16410217,4923,37.42,88.91,done
30-901972406,F0-B26,TGGTGTTA+TAGAATTG,22137945,6641,37.75,90.11,done
30-901972406,F1-B22-pH75,ACAACTAC+TGTGATAA,16947186,5084,37.51,89.19,done
30-901972406,F1-B2-pH8,CGATGCGG+ACCAAGCA,16736696,5021,37.48,89.2,done
30-901972406,F1-B30-pH75,TAGAGAAT+CGAATCTA,15734335,4720,37.69,89.82,done
30-901972406,F1-J255-pH75,CATATGCG+CCGTTCAA,13579680,4074,37.49,89.15,done
30-901972406,F1-J259-pH75,ATTGTTCG+AATCTAGA,15870215,4761,37.62,89.56,done
30-901972406,F1-J356-pH75,AATTCTTG+AAGTTGAC,22041391,6612,37.89,90.59,done
30-901972406,F2-J10-pH75,CACCTTAA+TCTATCCT,15076233,4523,37.95,90.79,done
30-901972406,F2-J11-pH75,TCCGTTAT+TACACTAC,16146791,4844,37.75,90.08,done
30-901972406,F2-J12-pH75,CTAATAAC+CGATGCGG,20141480,6042,37.43,88.94,done
30-901972406,F2-J13-pH75,CCAGGCAC+TAATTAGC,22136514,6641,37.54,89.38,done
30-901972406,F2-J189-pH7,GGTCTATT+CGTGTCGT,7372506,2212,37.45,89.04,done
30-901972406,F2-J28-pH75,AATCCAAT+CCTCTACA,27334340,8200,37.89,90.56,done
30-901972406,F2-J29-pH75,TCCGCCAA+CAGCACGG,15888393,4767,37.55,89.39,done
30-901972406,F2-J30-pH75,CACAGCGG+CAATAGGA,12460703,3738,37.03,87.45,done
30-901972406,F2-J31-pH75,GTGACGGA+TGGACCGC,22879627,6864,37.31,88.51,done
30-901972406,F2-J48-pH75,GCTGACGT+AATGCGAA,17976366,5393,37.85,90.49,done
30-901972406,F2-J49-pH75,TATGACAA+ATACAAGC,18377670,5513,37.92,90.67,done
30-901972406,F2-J50-pH75,CCTTCTAA+AGAGCTTA,23586503,7076,37.26,88.42,done
30-901972406,F2-J51-pH75,ATCCAGGT+GCTGACGT,28805150,8642,37.89,90.68,done
30-901972406,F2-J68-pH75,CCGGTAAC+AGTACAAC,15014759,4504,36.9,86.98,done
30-901972406,F2-J69-pH75,GTGACACG+GTCCGTAA,19135231,5741,37.68,89.96,done
30-901972406,F2-J70-pH75,CAATCGGC+TTCCTACA,11938290,3581,36.81,86.66,
