"","Date","pH","Run","filetype","Chamber_tank","Channel","Number","Length_um","Biovolume_g_in_sw","Dry_Tissue_weight_mg","Whole_Dry_weight_mg","Start.End_RR_mgO2hr","volume","BLANK_Start.End_RR_mgO2hr","Length_mm","Start.End_RR_mgO2hr_blankcor","Biovol_length3","calculated_volume","Start.End_RR_ugO2hr_biovolcalc","Start.End_RR_umolhr_biovolcalc","measured_volume","Start.End_RR_ugO2hr","Start.End_RR_umolhr","pCO2"
"1","10/26/2021",7.5,"1","LoLigo_data","7.5_A","CH5",1,8900,0.2,"0.0043","0.0528",0.57787582233553,23.18,0.0968724158605351,8.9,0.481003406474995,0.139583862,23.040416138,11.0825186489795,0.346328707780608,22.98,11.0534582807954,0.345420571274856,"800 μatm"
"2","10/26/2021",7.5,"1","LoLigo_data","7.5_C","CH7",1,7400,0.1,"0.003","0.0302",0.205473399215592,22.63,0.0968724158605351,7.4,0.108600983355057,0.080234352,22.549765648,2.44892672379888,0.0765289601187149,22.53,2.44678015498943,0.0764618798434195,"800 μatm"
"3","10/26/2021",7.5,"1","LoLigo_data","7.5_B","CH6",1,7030,0.1,"0.003","0.0296",0.153887693911819,23.24,0.0968724158605351,7.03,0.0570152780512838,0.068790927546,23.171209072454,1.32111292805039,0.0412847790015748,23.14,1.31933353410671,0.0412291729408346,"800 μatm"
"4","10/26/2021",7.5,"2","LoLigo_data","7.5_B","CH7",2,10100,0.2,"0.0074","0.0763",0.59268341945443,22.63,0.375645481227682,10.1,0.217037938226748,0.203999598,22.426000402,4.8672928899223,0.152102902810072,22.43,4.86816095442596,0.152130029825811,"800 μatm"
"5","10/26/2021",7.5,"2","LoLigo_data","7.5_A","CH6",2,13490,0.4,"0.0143","0.1514",0.475644303203299,23.24,0.375645481227682,13.49,0.0999988219756165,0.486072486702,22.753927513298,2.27536594664837,0.0711051858327615,22.84,2.28397309392308,0.0713741591850963,"800 μatm"
"6","10/26/2021",7.5,"3","LoLigo_data","7.5_C","CH7",3,9710,0.2,"0.0067","0.0689",0.750721676375547,22.63,0.634297014852697,9.71,0.116424661522849,0.181268724978,22.448731275022,2.61358594031184,0.081674560634745,22.43,2.61140515795751,0.0816064111861723,"800 μatm"
"7","10/26/2021",7.5,"3","LoLigo_data","7.5_D","CH5",2,8890,0.2,"0.0053","0.0472",0.741542968620634,23.18,0.634297014852697,8.89,0.107245953767936,0.139113883062,23.040886116938,2.47104180726942,0.0772200564771694,22.98,2.46451201758718,0.0770160005495994,"800 μatm"
"8","10/26/2021",8,"1","LoLigo_data","8_A","CH1",1,12610,0.4,"0.0131","0.1542",0.420510440425705,23.1,0.0907467461116545,12.61,0.32976369431405,0.397018231038,22.702981768962,7.48661914007744,0.23395684812742,22.7,7.48563586092894,0.233926120654029,"500 μatm"
"9","10/26/2021",8,"1","LoLigo_data","8_B","CH2",1,8940,0.2,"0.0069","0.055",0.195619949887905,23.05,0.0907467461116545,8.94,0.104873203776251,0.141474362832,22.908525637168,2.40249047736019,0.0750778274175059,22.85,2.39635270628734,0.0748860220714792,"500 μatm"
"10","10/26/2021",8,"1","LoLigo_data","8_C","CH3",1,14070,0.5,"0.0194","0.1994",0.511509943040226,23.31,0.0907467461116545,14.07,0.420763196928572,0.551502496314,22.758497503686,9.57593816694184,0.299248067716933,22.81,9.59760852194073,0.299925266310648,"500 μatm"
"11","10/26/2021",8,"2","LoLigo_data","8_A","CH2",2,14310,0.5,"0.016","0.1884",0.437423088510297,23.05,0.24290404274306,14.31,0.194519045767238,0.580208506218,22.469791493782,4.37080239995927,0.136587574998727,22.55,4.38640448205121,0.1370751400641,"500 μatm"
"12","10/26/2021",8,"2","LoLigo_data","8_B","CH3",2,11610,0.2,"0.0132","0.0978",0.445750090003201,23.31,0.24290404274306,11.61,0.202846047260142,0.309857383638,23.000142616362,4.66548801614857,0.145796500504643,23.11,4.68777215218188,0.146492879755684,"500 μatm"
"13","10/26/2021",8,"2","LoLigo_data","8_D","CH1",1,8650,0.1,"0.0038","0.0477",0.268441886069576,23.1,0.24290404274306,8.65,0.0255378433265168,0.12814849575,22.97185150425,0.586651544635546,0.0183328607698608,23,0.587370396509886,0.0183553248909339,"500 μatm"
"14","10/26/2022",7.5,"2","LoLigo_data","7.5_A","CH1",1,46490,19.1,"1.2339","<add here>",1.48682223648872,254.7,0.160913884607977,46.49,1.32590835188074,19.894994746902,234.805005253098,311.329917528484,9.72905992276513,235.6,312.384007703103,9.76200024072196,"800 μatm"
"15","10/26/2022",7.5,"2","LoLigo_data","7.5_B","CH2",1,45520,21.1,"1.0538","<add here>",1.03831565553084,257.88,0.160913884607977,45.52,0.877401770922861,18.675487632384,239.204512367616,209.878462764086,6.55870196137767,236.78,207.751191319115,6.49222472872234,"800 μatm"
"16","10/26/2022",7.5,"2","LoLigo_data","7.5_C","CH3",1,51740,26.9,"1.8877","<add here>",3.94935457134951,246.63,0.160913884607977,51.74,3.78844068674154,27.424862788752,219.205137211248,830.445660553853,25.9514268923079,219.73,832.434072097718,26.0135647530537,"800 μatm"
"17","10/26/2022",7.5,"2","LoLigo_data","7.5_D","CH4",1,50040,24.7,"1.7971","<add here>",3.61475520920103,252.35,0.160913884607977,50.04,3.45384132459306,24.809447532672,227.540552467328,785.888963132392,24.5590300978873,227.65,786.26697754361,24.5708430482378,"800 μatm"
"18","10/26/2022",7.5,"2","LoLigo_data","7.5_E","CH5",1,49860,23.9,"2.83","<add here>",2.03204783866249,242.31,0.160913884607977,49.86,1.87113395405451,24.542681576688,217.767318423312,407.471823585259,12.7334944870394,218.41,408.674366905046,12.7710739657827,"800 μatm"
"19","10/26/2022",7.5,"2","LoLigo_data","7.5_F","CH6",1,42580,17.6,"1.4466","<add here>",0.850138076148576,247.07,0.160913884607977,42.58,0.689224191540599,15.285588419376,231.784411580624,159.751423683369,4.99223199010528,229.47,158.156275232821,4.94238360102567,"800 μatm"
"20","10/26/2022",7.5,"2","LoLigo_data","7.5_G","CH7",1,57870,37.7,"0.8803","<add here>",5.91714378892428,241.11,0.160913884607977,57.87,5.7562299043163,38.372989723794,202.737010276206,1167.00084126358,36.4687762894868,203.41,1170.87472483698,36.5898351511556,"800 μatm"
"21","10/26/2022",8,"1","LoLigo_data","8_A","CH1",1,55980,33,"2.0565","<add here>",1.02794883803797,254.7,0.0896679752114765,55.98,0.938280862826497,34.734725624016,219.965274375984,206.389207433365,6.44966273229267,221.7,208.016867288634,6.50052710276982,"500 μatm"
"22","10/26/2022",8,"1","LoLigo_data","8_C","CH3",1,47160,21.4,"1.1035","<add here>",2.40369332703812,246.63,0.0896679752114765,47.16,2.31402535182664,20.767612871808,225.862387128192,522.65128983872,16.33285280746,225.23,521.187929991915,16.2871228122473,"500 μatm"
"23","10/26/2022",8,"1","LoLigo_data","8_D","CH4",1,53930,31.8,"2.131","<add here>",1.50338484245694,252.35,0.0896679752114765,53.93,1.41371686724546,31.056781824486,221.293218175514,312.845955141755,9.77643609817983,220.55,311.795255070987,9.74360172096835,"500 μatm"
"24","10/26/2022",8,"1","LoLigo_data","8_E","CH5",1,43660,18.5,"0.7993","<add here>",1.52024907735181,242.31,0.0896679752114765,43.66,1.43058110214033,16.478450979408,225.831549020592,323.070346295937,10.095948321748,223.81,320.178356470027,10.0055736396884,"500 μatm"
"25","10/26/2022",8,"1","LoLigo_data","8_F","CH6",1,48110,18.6,"1.0177","<add here>",0.998671008131819,247.07,0.0896679752114765,48.11,0.909003032920342,22.048104618738,225.021895381262,204.545585375051,6.39204954297035,228.47,207.679922931311,6.48999759160346,"500 μatm"
"26","10/26/2022",8,"1","LoLigo_data","8_G","CH7",1,46790,20.1,"1.3842","<add here>",2.45078234260303,241.11,0.0896679752114765,46.79,2.36111436739155,20.282632690122,220.827367309878,521.398669668605,16.2937084271439,221.01,521.829886337207,16.3071839480377,"500 μatm"
"27","11/16/2022",7,"3","LoLigo_data","7_A","CH1",1,14500,0.7,"<add here>","<add here>",0.937664095174978,23.1,0.451002453335216,14.5,0.486661641839763,0.60362775,22.49637225,10.9481214546235,0.342128795456984,22.4,10.9012207772107,0.340663149287834,NA
"28","11/16/2022",7,"3","LoLigo_data","7_A","CH2",2,14900,0.6,"<add here>","<add here>",1.14305018921088,23.05,0.451002453335216,14.9,0.692047735875661,0.654973902,22.395026098,15.4984271059972,0.484325847062414,22.45,15.5364716704086,0.485514739700268,NA
"29","11/16/2022",7,"3","LoLigo_data","7_B","CH3",1,16600,0.8,"<add here>","<add here>",1.33081274575724,23.31,0.451002453335216,16.6,0.879810292422027,0.905710608,22.404289392,19.7115244014832,0.615985137546351,22.51,19.8045296824198,0.61889155257562,NA
"30","11/16/2022",7,"3","LoLigo_data","7_B","CH4",2,15500,0.7,"<add here>","<add here>",0.603617274996736,22.55,0.451002453335216,15.5,0.15261482166152,0.73732725,21.81267275,3.32893716170235,0.104029286303199,21.85,3.33463385330422,0.104207307915757,NA
"31","11/16/2022",7,"3","LoLigo_data","7_C","CH5",1,15600,0.6,"<add here>","<add here>",0.756013690656117,23.18,0.451002453335216,15.6,0.305011237320902,0.751690368,22.428309632,6.84088647187262,0.213777702246019,22.58,6.88715373870596,0.215223554334561,NA
"32","11/16/2022",7,"3","LoLigo_data","7_C","CH6",2,14400,0.5,"<add here>","<add here>",0.864842133349488,23.24,0.451002453335216,14.4,0.413839680014273,0.591224832,22.648775168,9.37296186824032,0.29290505838251,22.74,9.41071432352456,0.294084822610142,NA
"33","11/16/2022",7,"3","LoLigo_data","7_D","CH7",1,15800,0.6,"<add here>","<add here>",1.24699468852573,22.63,0.451002453335216,15.8,0.795992235190518,0.780973776,21.849026224,17.391655220778,0.543489225649313,22.03,17.5357089412471,0.547990904413972,NA
"34","11/16/2022",7.5,"1","LoLigo_data","7.5_A","CH1",1,14400,0.5,"<add here>","<add here>",0.864643932559155,23.1,0.261707388840982,14.4,0.602936543718173,0.591224832,22.508775168,13.5713631031234,0.424105096972605,22.6,13.6263658880307,0.42582393400096,"800 μatm"
"35","11/16/2022",7.5,"1","LoLigo_data","7.5_A","CH2",2,15300,0.6,"<add here>","<add here>",1.17070421344041,23.05,0.261707388840982,15.3,0.908996824599424,0.709152246,22.340847754,20.3077596672452,0.634617489601412,22.45,20.4069787122571,0.637718084758033,"800 μatm"
"36","11/16/2022",7.5,"1","LoLigo_data","7.5_B","CH3",1,16000,0.7,"<add here>","<add here>",0.843810315479471,23.31,0.261707388840982,16,0.582102926638489,0.811008,22.498992,13.0967290896159,0.409272784050498,22.61,13.1613471712962,0.411292099103007,"800 μatm"
"37","11/16/2022",7.5,"1","LoLigo_data","7.5_B","CH4",2,15500,0.6,"<add here>","<add here>",0.826254146138326,22.55,0.261707388840982,15.5,0.564546757297343,0.73732725,21.81267275,12.3142736690006,0.38482105215627,21.95,12.3918013226767,0.387243791333647,"800 μatm"
"38","11/16/2022",7.5,"1","LoLigo_data","7.5_C","CH5",1,16400,0.8,"<add here>","<add here>",1.21708501841558,23.18,0.261707388840982,16.4,0.955377629574593,0.873366912,22.306633088,21.3112582434036,0.665976820106363,22.38,21.3813513498794,0.668167229683731,"800 μatm"
"39","11/16/2022",7.5,"1","LoLigo_data","7.5_C","CH6",2,13900,0.5,"<add here>","<add here>",0.664847334529116,23.24,0.261707388840982,13.9,0.403139945688134,0.531752562,22.708247438,9.15460163882802,0.286081301213376,22.74,9.16740236494816,0.28648132390463,"800 μatm"
"40","11/16/2022",7.5,"1","LoLigo_data","7.5_D","CH7",1,15100,0.6,"<add here>","<add here>",0.735620329044229,22.63,0.261707388840982,15.1,0.473912940203247,0.681704298,21.948295702,10.4015813485851,0.325049417143285,22.03,10.4403020726775,0.326259439771173,"800 μatm"
"41","11/16/2022",8,"2","LoLigo_data","8_A","CH1",1,16300,0.9,"<add here>","<add here>",1.5780607560116,23.1,0.507251677742256,16.3,1.07080907826934,0.857487906,22.242512094,23.8174838737709,0.744296371055341,22.2,23.7719615375795,0.742873798049358,"500 μatm"
"42","11/16/2022",8,"2","LoLigo_data","8_A","CH2",2,15900,0.4,"<add here>","<add here>",1.89347732986133,23.05,0.507251677742256,15.9,1.38622565211907,0.795896442,22.254103558,30.8492092170139,0.964037788031684,22.65,31.398011020497,0.98118784439053,"500 μatm"
"43","11/16/2022",8,"2","LoLigo_data","8_B","CH3",1,15300,0.7,"<add here>","<add here>",1.68998388059042,23.31,0.507251677742256,15.3,1.18273220284816,0.709152246,22.600847754,26.7307504503244,0.835335951572636,22.61,26.7415751063969,0.835674222074904,"500 μatm"
"44","11/16/2022",8,"2","LoLigo_data","8_B","CH4",2,13100,0.4,"<add here>","<add here>",0.973357308506256,22.55,0.507251677742256,13.1,0.466105630764,0.445122018,22.104877982,10.3032080947614,0.321975252961292,22.15,10.3242397214226,0.322632491294456,"500 μatm"
"45","11/16/2022",8,"2","LoLigo_data","8_C","CH5",1,16000,0.7,"<add here>","<add here>",1.23370095986327,23.18,0.507251677742256,16,0.726449282121018,0.811008,22.368992,16.2499381801708,0.507810568130338,22.48,16.3305798620805,0.510330620690015,"500 μatm"
"46","11/16/2022",8,"2","LoLigo_data","8_C","CH6",2,16100,0.7,"<add here>","<add here>",1.69998923007796,23.24,0.507251677742256,16.1,1.1927375523357,0.826309638,22.413690362,26.7336501811822,0.835426568161942,22.54,26.8843044296467,0.840134513426459,"500 μatm"
"47","11/16/2022",8,"2","LoLigo_data","8_D","CH7",1,14800,0.6,"<add here>","<add here>",0.823894251233895,22.63,0.507251677742256,14.8,0.316642573491639,0.641874816,21.988125184,6.96237654451808,0.21757426701619,22.03,6.97563589402081,0.21798862168815,"500 μatm"
"48","2/2/2022",7.5,"1","LoLigo_data","7.5_A","CH5",1,14900,0.6574,"0.039","0.2837",1.24205177982141,68.57288,0.0705719501316535,14.9,1.17147982968975,0.654973902,67.917906098,79.5644570685697,2.4863892833928,67.91548,79.5616149436979,2.48630046699056,"800 μatm"
"49","2/2/2022",7.5,"1","LoLigo_data","7.5_B","CH6",1,13600,0.4508,"0.0323","0.207",1.13345885832465,68.01878,0.0705719501316535,13.6,1.062886908193,0.498060288,67.520719712,71.7668890136538,2.24271528167668,67.56798,71.8171213550465,2.2442850423452,"800 μatm"
"50","2/2/2022",7.5,"1","LoLigo_data","7.5_C","CH7",1,14000,0.5277,"0.0277","0.2293",0.512428678729909,68.54551,0.0705719501316535,14,0.441856728598255,0.543312,68.002198,30.0472287457708,0.938975898305337,68.01781,30.0541270130177,0.939191469156803,"800 μatm"
"51","2/2/2022",7.5,"2","LoLigo_data","7.5_E","CH6",1,13200,0.4472,"0.0264","0.1735",0.69180375132843,68.01878,0.0879804839719768,13.2,0.603823267356453,0.455393664,67.563386336,40.7963446910699,1.27488577159593,67.57158,40.801292216038,1.27504038175119,"800 μatm"
"52","2/2/2022",7.5,"2","LoLigo_data","7.5_F","CH7",1,13000,0.4172,"0.0273","0.1923",0.570286887925578,68.54551,0.0879804839719768,13,0.482306403953601,0.435006,68.110504,32.8501322557074,1.02656663299085,68.12831,32.8587202035362,1.0268350063605,"800 μatm"
"53","2/2/2022",7.5,"2","LoLigo_data","7.5_D","CH5",1,14750,0.569,"0.0203","0.2255",0.400069324099,68.57288,0.0879804839719768,14.75,0.312088840127024,0.63539128125,67.93748871875,21.2025320553774,0.662579126730545,68.00388,21.2232520333373,0.663226626041791,"800 μatm"
"54","2/2/2022",7.5,"3","LoLigo_data","7.5_C","CH7",2,15100,0.6289,"0.0424","0.2805",0.795422912285549,68.54551,0.143445129108868,15.1,0.651977783176681,0.681704298,67.863805702,44.2456935995229,1.38267792498509,67.91661,44.2801208286752,1.3837537758961,"800 μatm"
"55","2/2/2022",7.5,"3","LoLigo_data","7.5_H","CH6",1,13600,0.5418,"0.0324","0.2054",0.89910314214224,68.01878,0.143445129108868,13.6,0.755658013033372,0.498060288,67.520719712,51.0225728961532,1.59445540300479,67.47698,50.9895206322926,1.59342251975914,"800 μatm"
"56","2/2/2022",7.5,"3","LoLigo_data","7.5_G","CH5",1,14000,0.4402,"0.0362","0.209",1.13088665257236,68.57288,0.143445129108868,14,0.987441523463497,0.543312,68.029568,67.1752202664835,2.09922563332761,68.13268,67.2770373368509,2.10240741677659,"800 μatm"
"57","2/2/2022",8,"1","LoLigo_data","8_A","CH1",1,14350,0.5078,"0.0335","0.2522",1.23828944136109,68.55323,0.0909497704095903,14.35,1.1473396709515,0.58508759925,67.96814240075,77.982546137261,2.43695456678941,68.04543,78.0712212659531,2.43972566456103,"500 μatm"
"58","2/2/2022",8,"1","LoLigo_data","8_B","CH2",1,13800,0.5458,"0.0335","0.2421",0.866662980993904,68.85583,0.0909497704095903,13.8,0.775713210584314,0.520358256,68.335471744,53.0087281833319,1.65652275572912,68.31003,52.9889926864108,1.65590602145034,"500 μatm"
"59","2/2/2022",8,"1","LoLigo_data","8_C","CH3",1,14400,0.576,"0.0335","0.2387",0.81282584859448,68.87473,0.0909497704095903,14.4,0.72187607818489,0.591224832,68.283505168,49.2922289153935,1.54038215360605,68.29873,49.3032193574087,1.54072560491902,"500 μatm"
"60","2/2/2022",8,"2","LoLigo_data","8_E","CH2",1,14800,0.5946,"0.0382","0.2754",1.60288331556903,68.85583,0.0735502873440539,14.8,1.52933302822498,0.641874816,68.213955184,104.32185464875,3.26005795777343,68.26123,104.394153586262,3.26231729957068,"500 μatm"
"61","2/2/2022",8,"2","LoLigo_data","8_F","CH3",1,14200,0.5324,"0.0355","0.2299",0.856460024896394,68.87473,0.0735502873440539,14.2,0.78290973755234,0.566931024,68.307798976,53.4788409690782,1.67121378028369,68.34233,53.5058756440154,1.67205861387548,"500 μatm"
"62","2/2/2022",8,"2","LoLigo_data","8_D","CH1",1,14000,0.5629,"0.0354","0.2426",1.01908551050555,68.55323,0.0735502873440539,14,0.945535223161497,0.543312,68.009918,64.3057729933251,2.00955540604141,67.99033,64.2872518493738,2.00897662029293,"500 μatm"
"63","2/2/2022",8,"3","LoLigo_data","8_C","CH3",2,14800,0.6289,"0.0397","0.2725",1.04056943201976,68.87473,0.270865858010597,14.8,0.769703574009168,0.641874816,68.232855184,52.5190724999748,1.64122101562421,68.24583,52.5290592622221,1.64153310194444,"500 μatm"
"64","2/2/2022",8,"3","LoLigo_data","8_H","CH2",1,14000,0.5418,"0.0345","0.2351",1.26933524947337,68.85583,0.270865858010597,14,0.998469391462778,0.543312,68.312518,68.20795827675,2.13149869614844,68.31403,68.2094679624699,2.13154587382719,"500 μatm"
"65","2/2/2022",8,"3","LoLigo_data","8_G","CH1",1,14000,0.4402,"0.0323","0.1837",0.700932998709981,68.55323,0.270865858010597,14,0.430067140699383,0.543312,68.009918,29.2488309734595,0.91402596792061,68.11303,29.2931760564713,0.915411751764729,"500 μatm"
"66","3/1/2022",7.5,"1","LoLigo_data","7.5_A","CH5",1,22200,2.5643,"0.1763","1.0135",3.239173400953,68.57288,0.157917539327577,22.2,3.08125586162542,2.166327504,66.406552496,204.615579128636,6.39423684776989,66.00858,203.389324042571,6.35591637633033,"800 μatm"
"67","3/1/2022",7.5,"1","LoLigo_data","7.5_B","CH6",1,21900,2.1273,"0.1522","0.9505",1.86300463910914,68.01878,0.157917539327577,21.9,1.70508709978156,2.079684882,65.939095118,112.431900456971,3.51349688928035,65.89148,112.350712533515,3.51095976667233,"800 μatm"
"68","3/1/2022",7.5,"1","LoLigo_data","7.5_C","CH7",1,23750,2.0713,"0.1721","1.1748",2.50872341343476,68.54551,0.157917539327577,23.75,2.35080587410718,2.65250390625,65.89300609375,154.901665787768,4.84067705586775,66.47421,156.267963344635,4.88337385451983,"800 μatm"
"69","3/1/2022",7.5,"2","LoLigo_data","7.5_E","CH6",1,23450,2.5022,"0.1995","1.308",4.19230149630397,68.01878,0.402614320529195,23.45,3.78968717577478,2.55325229775,65.46552770225,248.093870788545,7.75293346214204,65.51658,248.287343026622,7.75897946958195,"800 μatm"
"70","3/1/2022",7.5,"2","LoLigo_data","7.5_F","CH7",1,23900,2.7162,"0.2425","1.3467",6.35838609948772,68.54551,0.402614320529195,23.9,5.95577177895853,2.703079962,65.842430038,392.142486678371,12.2544527086991,65.82931,392.064346726312,12.2520108351973,"800 μatm"
"71","3/1/2022",7.5,"2","LoLigo_data","7.5_D","CH5",1,22400,2.3687,"0.1968","1.1392",5.27009841083884,68.57288,0.402614320529195,22.4,4.86748409030965,2.225405952,66.347474048,322.945274360872,10.0920398237773,66.20418,322.247792861996,10.0702435269374,"800 μatm"
"72","3/1/2022",7.5,"3","LoLigo_data","7.5_B","CH7",2,21350,2.0441,"0.1436","0.9238",3.40555895528011,68.54551,0.19913005942832,21.35,3.20642889585179,1.92689845425,66.61861154575,213.607841061819,6.67524503318183,66.50141,213.232042638887,6.66350133246523,"800 μatm"
"73","3/1/2022",7.5,"3","LoLigo_data","7.5_H","CH6",1,23500,2.8938,"0.2242","1.4482",5.39935756557349,68.01878,0.19913005942832,23.5,5.20022750614517,2.56961925,65.44916075,340.350525986267,10.6359539370708,65.12498,338.664712333154,10.5832722604111,"800 μatm"
"74","3/1/2022",7.5,"3","LoLigo_data","7.5_G","CH5",1,24300,2.8583,"0.2481","1.3439",2.3729145369944,68.57288,0.19913005942832,24.3,2.17378447756608,2.841083586,65.731796414,142.886758727287,4.46521121022772,65.71458,142.849333953775,4.46404168605546,"800 μatm"
"75","3/1/2022",8,"1","LoLigo_data","8_A","CH1",1,20200,1.6342,"0.1263","0.7811",0.862915818374269,68.55323,0.569380262163328,20.2,0.293535556210941,1.631996784,66.921233216,19.6437614143807,0.613867544199396,66.91903,19.6431146921466,0.613847334129583,"500 μatm"
"76","3/1/2022",8,"1","LoLigo_data","8_B","CH2",1,20350,1.5685,"0.0803","0.7011",1.07164378053862,68.85583,0.569380262163328,20.35,0.502263518375287,1.66862378925,67.18720621075,33.7456825812172,1.05455258066304,67.28733,33.795971107879,1.05612409712122,"500 μatm"
"77","3/1/2022",8,"1","LoLigo_data","8_C","CH3",1,21900,1.9218,"0.1547","0.999",2.49481661631282,68.87473,0.569380262163328,21.9,1.9254363541495,2.079684882,66.795045118,128.609608147253,4.01905025460166,66.95293,128.913605438826,4.02855016996333,"500 μatm"
"78","3/1/2022",8,"2","LoLigo_data","8_D","CH1",1,23900,2.6922,"0.196","1.1753",3.14586459337036,68.55323,0.208179355124684,23.9,2.93768523824567,2.703079962,65.850150038,193.447013702895,6.04521917821548,65.86103,193.478975606656,6.04621798770799,"500 μatm"
"79","3/1/2022",8,"2","LoLigo_data","8_E","CH2",1,23000,2.3138,"0.1099","0.8768",1.16479838557402,68.85583,0.208179355124684,23,0.956619030449331,2.409066,66.446764,63.5642389541755,1.98638246731798,66.54203,63.6553722227303,1.98923038196032,"500 μatm"
"80","3/1/2022",8,"2","LoLigo_data","8_F","CH3",1,23700,2.5191,"0.1926","1.2702",3.93282323627094,68.87473,0.208179355124684,23.7,3.72464388114625,2.635786494,66.238943506,246.716475623215,7.70988986322548,66.35563,247.151091259105,7.72347160184702,"500 μatm"
"81","3/1/2022",8,"3","LoLigo_data","8_E","CH3",2,21000,1.6042,"0.1175","0.7513",1.88531621614508,68.87473,0.1991301,21,1.68618611614508,1.833678,67.041052,113.04369109416,3.5326153466925,67.27053,113.430633711721,3.54470730349127,"500 μatm"
"82","3/1/2022",8,"3","LoLigo_data","8_G","CH1",1,21200,1.84,"0.142","0.9131",3.28402257352526,68.55323,0.1991301,21.2,3.08489247352526,1.886569344,66.666660656,205.659479692757,6.42685874039866,66.71323,205.80314111156,6.43134815973624,"500 μatm"
"83","3/1/2022",8,"3","LoLigo_data","8_H","CH2",1,22050,2.0275,"0.1405","1.0224",4.24509696907123,68.85583,0.1991301,22.05,4.04596686907123,2.12271149475,66.73311850525,269.999986542046,8.43749957943892,66.82833,270.385209095359,8.44953778422996,"500 μatm"
"84","9/14/2021",7.5,"1","LoLigo_data","7.5_A","CH5",1,1970.48,NA,NA,"0.000869",2.34854764056543,1.7,1.18947991073846,1.97048,1.15906772982697,0.00151489064583937,1.69848510935416,1.96865927984404,0.0615206024951263,NA,NA,NA,"800 μatm"
"85","9/14/2021",7.5,"1","LoLigo_data","7.5_B","CH6",1,2097.18,NA,NA,"0.001418",1.36779686869577,1.7,1.18947991073846,2.09718,0.178316957957317,0.00182630081258346,1.69817369918742,0.302813168122224,0.0094629115038195,NA,NA,NA,"800 μatm"
"86","9/14/2021",7.5,"1","LoLigo_data","7.5_C","CH7",1,2880.12,NA,NA,"0.002185",4.80274322182173,1.7,1.18947991073846,2.88012,3.61326331108328,0.00473038990546671,1.69526961009453,6.12545548454903,0.191420483892157,NA,NA,NA,"800 μatm"
"87","9/14/2021",7.5,"2","LoLigo_data","7.5_A","CH6",2,2212.22,NA,NA,"0.001812",1.10474972016939,1.7,0.165605703560078,2.21222,0.939144016609316,0.00214363151486214,1.69785636848514,1.59453164952484,0.0498291140476512,NA,NA,NA,"800 μatm"
"88","9/14/2021",7.5,"2","LoLigo_data","7.5_B","CH7",2,2822.12,NA,NA,"0.000733",1.18262662898912,1.7,0.165605703560078,2.82212,1.01702092542904,0.00445032389263812,1.69554967610736,1.72440950070561,0.0538877968970504,NA,NA,NA,"800 μatm"
"89","9/14/2021",7.5,"2","LoLigo_data","7.5_D","CH5",1,2726.53,NA,NA,"0.001958",0.904707474975512,1.7,0.165605703560078,2.72653,0.739101771415434,0.00401324831506944,1.69598675168493,1.25350681246744,0.0391720878896075,NA,NA,NA,"800 μatm"
"90","9/14/2021",7.5,"3","LoLigo_data","7.5_A","CH7",3,2253.05,NA,NA,"0.002638",0.731310733854392,1.7,0.2481514495897,2.25305,0.483159284264692,0.00226452791965903,1.69773547208034,0.820276655561116,0.0256336454862849,NA,NA,NA,"800 μatm"
"91","9/14/2021",7.5,"3","LoLigo_data","7.5_C","CH5",2,2687.51,NA,NA,"0.001379",0.858015181632183,1.7,0.2481514495897,2.68751,0.609863732042483,0.00384339885976901,1.69615660114023,1.03442439489987,0.0323257623406211,NA,NA,NA,"800 μatm"
"92","9/14/2021",7.5,"3","LoLigo_data","7.5_D","CH6",2,2659.1,NA,NA,"0.000821",0.781256470530285,1.7,0.2481514495897,2.6591,0.533105020940585,0.00372279567192806,1.69627720432807,0.904293894534354,0.0282591842041986,NA,NA,NA,"800 μatm"
"93","9/14/2021",7.5,"4","LoLigo_data","7.5_B","CH5",3,3163.95,NA,NA,"0.002028",1.4596392301932,1.7,0.243971307987299,3.16395,1.2156679222059,0.00627124871999931,1.69372875128,2.05901171184895,0.0643441159952797,NA,NA,NA,"800 μatm"
"94","9/14/2021",7.5,"4","LoLigo_data","7.5_C","CH6",3,2150.83,NA,NA,"0.000646",0.642003921572782,1.7,0.243971307987299,2.15083,0.398032613585482,0.0019700781148574,1.69802992188514,0.675871287754296,0.0211209777423217,NA,NA,NA,"800 μatm"
"95","9/14/2021",7.5,"4","LoLigo_data","7.5_D","CH7",3,1916.71,NA,NA,"0.000575",1.22823301077233,1.7,0.243971307987299,1.91671,0.984261702785028,0.00139422997755453,1.69860577002245,1.67187260756277,0.0522460189863364,NA,NA,NA,"800 μatm"
"96","9/14/2021",8,"1","LoLigo_data","8_B","CH2",1,2709.79,NA,NA,NA,2.9015162191307,1.7,2.1983912104341,2.70979,0.7031250086966,0.0039397811459537,1.69606021885405,1.19254235613171,0.0372669486291159,NA,NA,NA,"500 μatm"
"97","9/14/2021",8,"2","LoLigo_data","8_A","CH2",2,2974,NA,NA,"0.001765",1.45198075387739,1.7,0.169328148226724,2.974,1.28265260565067,0.005208205151952,1.69479179484805,2.17382911169722,0.067932159740538,NA,NA,NA,"500 μatm"
"98","9/14/2021",8,"2","LoLigo_data","8_B","CH3",2,2109.65,NA,NA,"0.003326",0.860897075094166,1.7,0.169328148226724,2.10965,0.691568926867442,0.00185907289993566,1.69814092710006,1.17438149862427,0.0366994218320086,NA,NA,NA,"500 μatm"
"99","9/14/2021",8,"2","LoLigo_data","8_D","CH1",1,2692.97,NA,NA,"0.000982",0.623834180604785,1.7,0.169328148226724,2.69297,0.454506032378061,0.00386687146464849,1.69613312853535,0.77090273863559,0.0240907105823622,NA,NA,NA,"500 μatm"
"100","9/14/2021",8,"3","LoLigo_data","8_A","CH3",3,1974.36,NA,NA,"0.000556",0.42322440025362,1.7,0.380113343333375,1.97436,0.0431110569202452,0.00152385702512034,1.69847614297488,0.0732231016774686,0.00228822192742089,NA,NA,NA,"500 μatm"
"101","9/14/2021",8,"3","LoLigo_data","8_C","CH1",2,2452.71,NA,NA,"0.004008",0.636676706468489,1.7,0.380113343333375,2.45271,0.256563363135114,0.00292148590615943,1.69707851409384,0.435408171080258,0.0136065053462581,NA,NA,NA,"500 μatm"
"102","9/14/2021",8,"3","LoLigo_data","8_D","CH2",2,3491.29,NA,NA,"0.000619",1.11720726775024,1.7,0.380113343333375,3.49129,0.737093924416865,0.00842602927563019,1.69157397072437,1.24684889652264,0.0389640280163326,NA,NA,NA,"500 μatm"
"103","9/14/2021",8,"4","LoLigo_data","8_B","CH1",3,2139.34,NA,NA,"0.000718",0.805174973728525,1.7,0.460439041719481,2.13934,0.344735932009044,0.00193867327927637,1.69806132672072,0.585382754075582,0.0182932110648619,NA,NA,NA,"500 μatm"
"104","9/14/2021",8,"4","LoLigo_data","8_C","CH2",3,1796.06,NA,NA,"0.00037",0.620049998191828,1.7,0.460439041719481,1.79606,0.159610956472347,0.00114716981932285,1.69885283018068,0.271155525130891,0.00847361016034034,NA,NA,NA,"500 μatm"
"105","9/14/2021",8,"4","LoLigo_data","8_D","CH3",3,2969.72,NA,NA,"0.001944",1.20509238883024,1.7,0.460439041719481,2.96972,0.744653347110758,0.00518575150021936,1.69481424849978,1.26204910287637,0.0394390344648864,NA,NA,NA,"500 μatm"
"106","9/22/2022",7.5,"1","LoLigo_data","7.5_A","CH1",1,43350,17.3,"0.894","7.648",1.49355412280391,196.6,0.191613639081107,43.35,1.3019404837228,16.12993048425,180.47006951575,234.961289602823,7.34254030008823,179.3,233.437928731498,7.29493527285932,"800 μatm"
"107","9/22/2022",7.5,"1","LoLigo_data","7.5_A","CH2",2,36900,11.6,"0.48","5.382",1.42839258224097,200.6,0.191613639081107,36.9,1.23677894315987,9.948194982,190.651805018,235.794137921683,7.36856681005259,189,233.751220257215,7.30472563303796,"800 μatm"
"108","9/22/2022",7.5,"1","LoLigo_data","7.5_B","CH3",1,42400,16.2,"0.936","6.55",2.66392499797396,201.4,0.191613639081107,42.4,2.47231135889285,15.092554752,186.307445248,460.610013132938,14.3940629104043,185.2,457.872063666956,14.3085019895924,"800 μatm"
"109","9/22/2022",7.5,"1","LoLigo_data","7.5_B","CH4",2,39500,11.8,"0.457","4.386",1.30726526863159,200,0.191613639081107,39.5,1.11565162955048,12.20271525,187.79728475,209.516346756493,6.5473858361404,188.2,209.9656366814,6.56142614629376,"800 μatm"
"110","9/22/2022",7.5,"1","LoLigo_data","7.5_C","CH5",1,45350,19.6,"1.158","8.53",1.48452183005261,199.2,0.191613639081107,45.35,1.2929081909715,18.46703041425,180.73296958575,233.67113675602,7.30222302362561,179.6,232.206311098482,7.25644722182756,"800 μatm"
"111","9/22/2022",7.5,"1","LoLigo_data","7.5_C","CH6",2,44800,17.7,"0.938","8.196",1.36710202428574,200.4,0.191613639081107,44.8,1.17548838520463,17.803247616,182.596752384,214.640361603478,6.70751130010868,182.7,214.761727976886,6.71130399927769,"800 μatm"
"112","9/22/2022",7.5,"1","LoLigo_data","7.5_D","CH7",1,45700,25.2,"1.416","9.737",2.4815779522555,201.3,0.191613639081107,45.7,2.28996431317439,18.897910614,182.402089386,417.694275342386,13.0529461044496,176.1,403.262715550011,12.6019598609378,"800 μatm"
"113","9/22/2022",7.5,"1","SDR_data","7.5","A1",1,1640,NA,NA,"0.000316",2.96516129032258,1.7,0.513261824578456,1.64,2.45189946574412,0.000873366912,1.699126633088,4.16608768390008,0.130190240121877,NA,NA,NA,"800 μatm"
"114","9/22/2022",7.5,"1","SDR_data","7.5","D1",10,NA,NA,NA,"0.000209",2.16571428571429,1.7,0.513261824578456,NA,1.65245246113583,NA,NA,NA,NA,NA,NA,NA,"800 μatm"
"115","9/22/2022",7.5,"1","SDR_data","7.5","D4",11,1650,NA,NA,"0.00032",1.52516129032258,1.7,0.513261824578456,1.65,1.01189946574412,0.00088944075,1.69911055925,1.71932906714528,0.0537290333482899,NA,NA,NA,"800 μatm"
"116","9/22/2022",7.5,"1","SDR_data","7.5","D6",12,1670,NA,NA,"0.00036",4.32309677419355,1.7,0.513261824578456,1.67,3.80983494961509,0.000922177674,1.699077822326,6.4732060696135,0.202287689675422,NA,NA,NA,"800 μatm"
"117","9/22/2022",7.5,"1","SDR_data","7.5","A2",13,2030,NA,NA,"0.000602",4.57963060686016,1.7,0.513261824578456,2.03,4.0663687822817,0.001656354546,1.698343645454,6.90609158146065,0.215815361920645,NA,NA,NA,"800 μatm"
"118","9/22/2022",7.5,"1","SDR_data","7.5","A3",14,1920,NA,NA,"0.00057",4.84749340369393,1.7,0.513261824578456,1.92,4.33423157911547,0.001401421824,1.698598578176,7.36211959777106,0.230066237430346,NA,NA,NA,"800 μatm"
"119","9/22/2022",7.5,"1","SDR_data","7.5","B4",15,1660,NA,NA,"0.000293",3.67725593667546,1.7,0.513261824578456,1.66,3.16399411209701,0.000905710608,1.699094289392,5.37592432753393,0.167997635235435,NA,NA,NA,"800 μatm"
"120","9/22/2022",7.5,"1","SDR_data","7.5","B6",16,1490,NA,NA,"0.000224",2.53424802110818,1.7,0.513261824578456,1.49,2.02098619652972,0.000654973902,1.699345026098,3.4343528408855,0.107323526277672,NA,NA,NA,"800 μatm"
"121","9/22/2022",7.5,"1","SDR_data","7.5","C3",17,1630,NA,NA,"0.000302",10.2281794195251,1.7,0.513261824578456,1.63,9.71491759494661,0.000857487906,1.699142512094,16.5070294870638,0.515844671470743,NA,NA,NA,"800 μatm"
"122","9/22/2022",7.5,"1","SDR_data","7.5","C6",18,1360,NA,NA,"0.000198",0.950501319261213,1.7,0.513261824578456,1.36,0.437239494682757,0.000498060288,1.699501939712,0.743089369332041,0.0232215427916263,NA,NA,NA,"800 μatm"
"123","9/22/2022",7.5,"1","SDR_data","7.5","D4",19,1520,NA,NA,"0.000217",1.94153034300792,1.7,0.513261824578456,1.52,1.42826851842946,0.000695337984,1.699304662016,2.42706335197787,0.0758457297493083,NA,NA,NA,"800 μatm"
"124","9/22/2022",7.5,"1","SDR_data","7.5","A2",2,1660,NA,NA,"0.000295",2.44490322580645,1.7,0.513261824578456,1.66,1.93164140122799,0.000905710608,1.699094289392,3.28204087397965,0.102563777311864,NA,NA,NA,"800 μatm"
"125","9/22/2022",7.5,"1","SDR_data","7.5","D5",20,1540,NA,NA,"0.000223",3.09973614775726,1.7,0.513261824578456,1.54,2.5864743231788,0.000723148272,1.699276851728,4.39513594496658,0.137347998280206,NA,NA,NA,"800 μatm"
"126","9/22/2022",7.5,"1","SDR_data","7.5","A1",21,1680,NA,NA,"0.00033",0.759914712153518,1.7,0.513261824578456,1.68,0.246652887575062,0.000938843136,1.699061156864,0.419078340507131,0.0130961981408479,NA,NA,NA,"800 μatm"
"127","9/22/2022",7.5,"1","SDR_data","7.5","A5",22,1760,NA,NA,"0.000407",2.0310447761194,1.7,0.513261824578456,1.76,1.51778295154095,0.001079451648,1.698920548352,2.57859264431126,0.080581020134727,NA,NA,NA,"800 μatm"
"128","9/22/2022",7.5,"1","SDR_data","7.5","B3",23,1540,NA,NA,"0.000224",3.47769722814499,1.7,0.513261824578456,1.54,2.96443540356653,0.000723148272,1.699276851728,5.03739645972356,0.157418639366361,NA,NA,NA,"800 μatm"
"129","9/22/2022",7.5,"1","SDR_data","7.5","B6",24,1390,NA,NA,"0.000204",2.19889125799574,1.7,0.513261824578456,1.39,1.68562943341728,0.000531752562,1.699468247438,2.86467369903957,0.0895210530949867,NA,NA,NA,"800 μatm"
"130","9/22/2022",7.5,"1","SDR_data","7.5","C6",25,1670,NA,NA,"0.000298",2.97415778251599,1.7,0.513261824578456,1.67,2.46089595793754,0.000922177674,1.699077822326,4.18125374518336,0.13066417953698,NA,NA,NA,"800 μatm"
"131","9/22/2022",7.5,"1","SDR_data","7.5","D1",26,1550,NA,NA,"0.000265",2.82063965884861,1.7,0.513261824578456,1.55,2.30737783427016,0.00073732725,1.69926267275,3.92084102570602,0.122526282053313,NA,NA,NA,"800 μatm"
"132","9/22/2022",7.5,"1","SDR_data","7.5","D6",27,1570,NA,NA,"0.000286",3.53040511727079,1.7,0.513261824578456,1.57,3.01714329269233,0.000766238814,1.699233761186,5.12683174527871,0.16021349203996,NA,NA,NA,"800 μatm"
"133","9/22/2022",7.5,"1","SDR_data","7.5","A5",3,1500,NA,NA,"4.00E-06",3.13548387096774,1.7,0.513261824578456,1.5,2.62222204638928,0.00066825,1.69933175,4.45602517897928,0.139250786843103,NA,NA,NA,"800 μatm"
"134","9/22/2022",7.5,"1","SDR_data","7.5","B2",4,1900,NA,NA,"0.000509",5.87922580645161,1.7,0.513261824578456,1.9,5.36596398187316,0.001358082,1.698641918,9.11485135008793,0.284839104690248,NA,NA,NA,"800 μatm"
"135","9/22/2022",7.5,"1","SDR_data","7.5","B4",5,1610,NA,NA,"0.000431",4.53522580645161,1.7,0.513261824578456,1.61,4.02196398187316,0.000826309638,1.699173690362,6.83401538158246,0.213562980674452,NA,NA,NA,"800 μatm"
"136","9/22/2022",7.5,"1","SDR_data","7.5","C1",6,1370,NA,NA,"0.000194",1.6861935483871,1.7,0.513261824578456,1.37,1.17293172380864,0.000509127894,1.699490872106,1.99338675821634,0.0622933361942607,NA,NA,NA,"800 μatm"
"137","9/22/2022",7.5,"1","SDR_data","7.5","C2",7,1830,NA,NA,"0.000398",2.10425806451613,1.7,0.513261824578456,1.83,1.59099623993767,0.001213440426,1.698786559574,2.70276302873889,0.0844613446480903,NA,NA,NA,"800 μatm"
"138","9/22/2022",7.5,"1","SDR_data","7.5","C5",8,1460,NA,NA,"0.000239",4.36335483870968,1.7,0.513261824578456,1.46,3.85009301413122,0.000616202928,1.699383797072,6.5427856854347,0.204462052669834,NA,NA,NA,"800 μatm"
"139","9/22/2022",7.5,"1","SDR_data","7.5","C6",9,1690,NA,NA,"0.000418",4.33238709677419,1.7,0.513261824578456,1.69,3.81912527219574,0.000955708182,1.699044291818,6.48886299346203,0.202776968545689,NA,NA,NA,"800 μatm"
"140","9/22/2022",8,"1","SDR_data","8","A3",1,1830,NA,NA,"0.000525",5.8621935483871,1.7,0.43745068056211,1.83,5.42474286782499,0.001213440426,1.698786559574,9.215480273006,0.287983758531438,NA,NA,NA,"500 μatm"
"141","9/22/2022",8,"1","SDR_data","8","D2",10,2100,NA,NA,"0.000794",3.48094986807388,1.7,0.43745068056211,2.1,3.04349918751177,0.001833678,1.698166322,5.16836782126685,0.161511494414589,NA,NA,NA,"500 μatm"
"142","9/22/2022",8,"1","SDR_data","8","D6",11,1930,NA,NA,"0.000511",3.93815303430079,1.7,0.43745068056211,1.93,3.50070235373868,0.001423433286,1.698576566714,5.94621098510107,0.185819093284408,NA,NA,NA,"500 μatm"
"143","9/22/2022",8,"1","SDR_data","8","A3",12,2040,NA,NA,"0.000759",3.85279317697228,1.7,0.43745068056211,2.04,3.41534249641017,0.001680953472,1.698319046528,5.80034121206988,0.181260662877184,NA,NA,NA,"500 μatm"
"144","9/22/2022",8,"1","SDR_data","8","A4",13,2080,NA,NA,"0.000693",3.83539445628998,1.7,0.43745068056211,2.08,3.39794377572787,0.001781784576,1.698218215424,5.77045001492767,0.18032656296649,NA,NA,NA,"500 μatm"
"145","9/22/2022",8,"1","SDR_data","8","A6",14,2050,NA,NA,"0.000595",1.93714285714286,1.7,0.43745068056211,2.05,1.49969217658075,0.00170579475,1.69829420525,2.54691853314584,0.0795912041608076,NA,NA,NA,"500 μatm"
"146","9/22/2022",8,"1","SDR_data","8","B2",15,1860,NA,NA,"0.000408",2.13697228144989,1.7,0.43745068056211,1.86,1.69952160088778,0.001274101488,1.698725898512,2.88702135850865,0.0902194174533954,NA,NA,NA,"500 μatm"
"147","9/22/2022",8,"1","SDR_data","8","B4",16,1970,NA,NA,"0.000557",3.80520255863539,1.7,0.43745068056211,1.97,3.36775187807328,0.001513783854,1.698486216146,5.72008014430728,0.178752504509602,NA,NA,NA,"500 μatm"
"148","9/22/2022",8,"1","SDR_data","8","B5",17,1940,NA,NA,"0.000521",3.71820895522388,1.7,0.43745068056211,1.94,3.28075827466177,0.001445674032,1.698554325968,5.57254615988206,0.174142067496315,NA,NA,NA,"500 μatm"
"149","9/22/2022",8,"1","SDR_data","8","C2",18,1820,NA,NA,"0.000421",1.70251599147122,1.7,0.43745068056211,1.82,1.26506531090911,0.001193656464,1.698806343536,2.14910097515973,0.0671594054737416,NA,NA,NA,"500 μatm"
"150","9/22/2022",8,"1","SDR_data","8","D3",19,1900,NA,NA,"0.000534",3.82208955223881,1.7,0.43745068056211,1.9,3.3846388716767,0.001358082,1.698641918,5.74928946472226,0.179665295772571,NA,NA,NA,"500 μatm"
"151","9/22/2022",8,"1","SDR_data","8","A4",2,1720,NA,NA,"0.000328",1.21393548387097,1.7,0.43745068056211,1.72,0.776484803308859,0.001007512704,1.698992487296,1.31924184732126,0.0412263077287895,NA,NA,NA,"500 μatm"
"152","9/22/2022",8,"1","SDR_data","8","B1",3,1760,NA,NA,"0.00041",5.53083870967742,1.7,0.43745068056211,1.76,5.09338802911531,0.001079451648,1.698920548352,8.65326158339409,0.270414424481065,NA,NA,NA,"500 μatm"
"153","9/22/2022",8,"1","SDR_data","8","B3",4,2150,NA,NA,"0.001",4.92541935483871,1.7,0.43745068056211,2.15,4.4879686742766,0.00196779825,1.69803220175,7.62071532936692,0.238147354042716,NA,NA,NA,"500 μatm"
"154","9/22/2022",8,"1","SDR_data","8","A4",6,1830,NA,NA,"0.000584",4.32253298153034,1.7,0.43745068056211,1.83,3.88508230096823,0.001213440426,1.698786559574,6.59992559572366,0.206247674866364,NA,NA,NA,"500 μatm"
"155","9/22/2022",8,"1","SDR_data","8","B1",7,1710,NA,NA,"0.000343",3.49361477572559,1.7,0.43745068056211,1.71,3.05616409516348,0.000990041778,1.699009958222,5.19245323164329,0.162264163488853,NA,NA,NA,"500 μatm"
"156","9/22/2022",8,"1","SDR_data","8","B2",8,1270,NA,NA,"8.30E-05",1.41593667546174,1.7,0.43745068056211,1.27,0.978485994899632,0.000405579834,1.699594420166,1.66302933714199,0.0519696667856872,NA,NA,NA,"500 μatm"
"157","9/22/2022",8,"1","SDR_data","8","C5",9,1890,NA,NA,"0.000456",2.82110817941953,1.7,0.43745068056211,1.89,2.38365749885742,0.001336751262,1.698663248738,4.04903139088783,0.126532230965245,NA,NA,NA,"500 μatm"
"158","9/22/2022",8,"2","LoLigo_data","8_A","CH1",1,43800,18.3,"1.369","7.926",3.44351672445988,196.6,0.00381262051418747,43.8,3.43970410394569,16.637479056,179.962520944,619.017821847489,19.344306932734,178.3,613.299241733516,19.1656013041724,"500 μatm"
"159","9/22/2022",8,"2","LoLigo_data","8_A","CH2",2,45100,16.9,"0.977","7.798",2.46397892388085,200.6,0.00381262051418747,45.1,2.46016630336667,18.163302498,182.436697502,448.824615691918,14.0257692403724,183.7,451.932549928457,14.1228921852643,"500 μatm"
"160","9/22/2022",8,"2","LoLigo_data","8_A","CH3",3,46700,18.7,"1.052","7.737",2.7294574038274,201.4,0.00381262051418747,46.7,2.72564478331321,20.165817474,181.234182526,493.980004160026,15.4368751300008,182.7,497.975301911324,15.5617281847289,"500 μatm"
"161","9/22/2022",8,"2","LoLigo_data","8_B","CH4",1,44300,18.6,"1.143","8.263",1.86744416411528,200,0.00381262051418747,44.3,1.86363154360109,17.213784786,182.786215214,340.646156408267,10.6451923877584,181.4,338.062762009237,10.5644613127887,"500 μatm"
"162","9/22/2022",8,"2","LoLigo_data","8_B","CH5",2,42900,15.7,"0.694","6.207",2.13363356355791,199.2,0.00381262051418747,42.9,2.12982094304372,15.632810622,183.567189378,390.965244392938,12.2176638872793,183.5,390.822143048523,12.2131919702664,"500 μatm"
"163","9/22/2022",8,"2","LoLigo_data","8_C","CH6",1,45900,20.7,"0.953","9.279",2.55122399674556,200.4,0.00381262051418747,45.9,2.54741137623137,19.147110642,181.252889358,461.725672325375,14.428927260168,179.7,457.769824308777,14.3053070096493,"500 μatm"
"164","9/22/2022",8,"2","LoLigo_data","8_D","CH7",1,41900,17.9,"0.741","8.628",2.070048850997,201.3,0.00381262051418747,41.9,2.06623623048281,14.564891682,186.735108318,385.838846309784,12.0574639471808,183.4,378.947724670548,11.8421163959546,"500 μatm"
"165","9/30/2021",7.5,"1","SDR_data","7.5_A","D2",1,2647.12,NA,NA,"0.001211",1.58945454545455,1.7,0.68226959247649,2.64712,0.907184952978057,0.00367270527028524,1.69632729472971,1.53888259710477,0.0480900811595241,NA,NA,NA,"800 μatm"
"166","9/30/2021",7.5,"1","SDR_data","7.5_A","D2",1,3740.03,NA,NA,"0.004447",1.58945454545455,1.7,0.68226959247649,3.74003,0.907184952978057,0.0103583468130314,1.68964165318697,1.53281748369619,0.0479005463655058,NA,NA,NA,"800 μatm"
"167","9/30/2021",7.5,"1","SDR_data","7.5_A","D3",2,2535.63,NA,NA,"0.000701",1.01345454545455,1.7,0.68226959247649,2.53563,0.331184952978056,0.00322792053386706,1.69677207946613,0.56194538135247,0.0175607931672647,NA,NA,NA,"800 μatm"
"168","9/30/2021",7.5,"1","SDR_data","7.5_A","B6",3,NA,NA,NA,"0.003817",2.00050156739812,1.7,0.68226959247649,NA,1.31823197492163,NA,NA,NA,NA,NA,NA,NA,"800 μatm"
"169","9/30/2021",7.5,"1","SDR_data","7.5_A","B6",3,2995.63,NA,NA,"0.002308",2.00050156739812,1.7,0.68226959247649,2.99563,1.31823197492163,0.00532267199415202,1.69467732800585,2.23397784095206,0.0698118075297518,NA,NA,NA,"800 μatm"
"170","9/30/2021",7.5,"1","SDR_data","7.5_B","A5",3,2734.68,NA,NA,"0.001652",0.79448275862069,1.7,0.68226959247649,2.73468,0.1122131661442,0.00404934456943353,1.69595065543057,0.190307992670195,0.0059471247709436,NA,NA,NA,"800 μatm"
"171","9/30/2021",7.5,"1","SDR_data","7.5_B","A1",1,3561.09,NA,NA,"0.00331",1.56654545454545,1.7,0.68226959247649,3.56109,0.884275862068965,0.0089415753297162,1.69105842467028,1.4953621462843,0.0467300670713844,NA,NA,NA,"800 μatm"
"172","9/30/2021",7.5,"1","SDR_data","7.5_B","A1",1,3905.44,NA,NA,"0.004368",1.56654545454545,1.7,0.68226959247649,3.90544,0.884275862068965,0.0117943795740096,1.68820562042599,1.49283948035186,0.0466512337609958,NA,NA,NA,"800 μatm"
"173","9/30/2021",7.5,"1","SDR_data","7.5_B","D4",2,2717.97,NA,NA,"0.001384",0.745090909090909,1.7,0.68226959247649,2.71797,0.0628213166144193,0.00397556782171136,1.69602443217829,0.106546487839663,0.00332957774498947,NA,NA,NA,"800 μatm"
"174","9/30/2021",7.5,"1","SDR_data","7.5_D","C4",1,2537.18,NA,NA,"0.001038",1.26981818181818,1.7,0.68226959247649,2.53718,0.587548589341693,0.00323384371969472,1.69676615628031,0.99693256156522,0.0311541425489131,NA,NA,NA,"800 μatm"
"175","9/30/2021",7.5,"1","SDR_data","7.5_D","C4",2,3900.23,NA,NA,"0.004805",1.66871473354232,1.7,0.68226959247649,3.90023,0.98644514106583,0.0117472401127505,1.68825275988725,1.66536873188175,0.0520427728713048,NA,NA,NA,"800 μatm"
"176","9/30/2021",7.5,"1","SDR_data","7.5_D","D4",3,4074.55,NA,NA,"0.004863",2.00501567398119,1.7,0.68226959247649,4.07455,1.3227460815047,0.0133938103378308,1.68660618966217,2.23095172841721,0.0697172415130378,NA,NA,NA,"800 μatm"
"177","9/30/2021",7.5,"1","SDR_data","7.5_C","C3",2,3916.36,NA,NA,"0.004153",2.13490909090909,1.7,0.68226959247649,3.91636,1.4526394984326,0.0118935912504554,1.68810640874954,2.4522100469068,0.0766315639658374,NA,NA,NA,"800 μatm"
"178","9/30/2021",7.5,"1","SDR_data","7.5_C","C1",1,3406.03,NA,NA,"0.002443",1.2,1.7,0.68226959247649,3.40603,0.51773040752351,0.00782367131708638,1.69217632868291,0.876091140250642,0.0273778481328326,NA,NA,NA,"800 μatm"
"179","9/30/2021",7.5,"1","SDR_data","7.5_C","C1",1,2696.91,NA,NA,"0.001311",1.2,1.7,0.68226959247649,2.69691,0.51773040752351,0.00388386880400106,1.696116131196,0.878130895811304,0.0274415904941032,NA,NA,NA,"800 μatm"
"180","9/30/2021",7.5,"1","SDR_data","7.5_D","C4",1,3236.79,NA,NA,"0.001862",1.26981818181818,1.7,0.68226959247649,3.23679,0.587548589341693,0.00671442398248562,1.69328557601751,0.994887551541727,0.031090235985679,NA,NA,NA,"800 μatm"
"181","9/30/2021",7.5,"1","SDR_data","7.5_D","C4",2,NA,NA,NA,"0.000618",1.66871473354232,1.7,0.68226959247649,NA,0.98644514106583,NA,NA,NA,NA,NA,NA,NA,"800 μatm"
"182","9/30/2021",7.5,"2","SDR_data","7.5_A","B3",5,5202.82,NA,NA,"0.011981",4.79617021276596,1.7,1.34438064348729,5.20282,3.45178956927867,0.0278857027310134,1.67211429726899,5.77178668995482,0.180368334061088,NA,NA,NA,"800 μatm"
"183","9/30/2021",7.5,"2","SDR_data","7.5_B","D2",5,3971.07,NA,NA,"0.004345",2.3859512195122,1.7,1.34438064348729,3.97107,1.04157057602491,0.0123990330669448,1.68760096693306,1.75775551122866,0.0549298597258955,NA,NA,NA,"800 μatm"
"184","9/30/2021",7.5,"2","SDR_data","7.5_C","C5",5,3425.45,NA,NA,"0.002781",1.64019512195122,1.7,1.34438064348729,3.42545,0.295814478463933,0.00795825935180666,1.69204174064819,0.500530445049051,0.0156415764077829,NA,NA,NA,"800 μatm"
"185","9/30/2021",7.5,"2","SDR_data","7.5_B","D2",5,2569.93,NA,NA,"0.001042",2.3859512195122,1.7,1.34438064348729,2.56993,1.04157057602491,0.00336069478973817,1.69663930521026,1.76716957843435,0.0552240493260736,NA,NA,NA,"800 μatm"
"186","9/30/2021",7.5,"2","SDR_data","7.5_A","A1",4,3826.27,NA,NA,"0.004107",2.18692682926829,1.7,1.34438064348729,3.82627,0.842546185781006,0.0110915445596325,1.68890845544037,1.42298337726457,0.0444682305395179,NA,NA,NA,"800 μatm"
"187","9/30/2021",7.5,"2","SDR_data","7.5_C","A5",4,5218.02,NA,NA,"0.011898",2.65914893617021,1.7,1.34438064348729,5.21802,1.31476829268293,0.0281308210701609,1.67186917892984,2.19812058597079,0.0686912683115872,NA,NA,NA,"800 μatm"
"188","9/30/2021",7.5,"2","SDR_data","7.5_B","B6",4,2849.95,NA,NA,"0.001744",2.49191489361702,1.7,1.34438064348729,2.84995,1.14753425012974,0.00458328551598222,1.69541671448402,1.94554874811284,0.0607983983785261,NA,NA,NA,"800 μatm"
"189","9/30/2021",7.5,"2","SDR_data","7.5_B","B6",4,4474.19,NA,NA,"0.006821",2.49191489361702,1.7,1.34438064348729,4.47419,1.14753425012974,0.0177340716459445,1.68226592835406,1.93045777061257,0.0603268053316429,NA,NA,NA,"800 μatm"
"190","9/30/2021",7.5,"2","SDR_data","7.5_D","C3",4,3661.37,NA,NA,"0.003718",2.56340425531915,1.7,1.34438064348729,3.66137,1.21902361183186,0.0097184285603328,1.69028157143967,2.06049314622922,0.0643904108196631,NA,NA,NA,"800 μatm"
"191","9/30/2021",7.5,"2","SDR_data","7.5_D","C1",5,5311.22,NA,NA,"0.011096",4.65248780487805,1.7,1.34438064348729,5.31122,3.30810716139076,0.0296652534627295,1.67033474653727,5.52564633693977,0.172676448029368,NA,NA,NA,"800 μatm"
"192","9/30/2021",8,"1","SDR_data","8_A","D5",1,3726.56,NA,NA,"0.003777",1.656,1.7,0.991598746081504,3.72656,0.664401253918496,0.0102468303133567,1.68975316968664,1.12267412475256,0.0350835663985175,NA,NA,NA,"500 μatm"
"193","9/30/2021",8,"1","SDR_data","8_A","D5",1,2338.16,NA,NA,"0.002014",1.656,1.7,0.991598746081504,2.33816,0.664401253918496,0.00253097508483913,1.69746902491516,1.12780054864144,0.035243767145045,NA,NA,NA,"500 μatm"
"194","9/30/2021",8,"1","SDR_data","8_A","B5",2,3833.44,NA,NA,"0.004283",1.68545454545455,1.7,0.991598746081504,3.83344,0.693855799373042,0.0111540143992408,1.68884598560076,1.17181558135697,0.0366192369174052,NA,NA,NA,"500 μatm"
"195","9/30/2021",8,"1","SDR_data","8_A","D2",3,5080.44,NA,NA,"0.011619",2.82056426332288,1.7,0.991598746081504,5.08044,1.82896551724138,0.0259638547209127,1.67403614527909,3.06175438433113,0.0956798245103479,NA,NA,NA,"500 μatm"
"196","9/30/2021",8,"1","SDR_data","8_A","D2",3,2926.51,NA,NA,"0.001905",2.82056426332288,1.7,0.991598746081504,2.92651,1.82896551724138,0.00496266806327895,1.69503733193672,3.10016483054909,0.0968801509546592,NA,NA,NA,"500 μatm"
"197","9/30/2021",8,"1","SDR_data","8_C","C5",3,3528.6,NA,NA,"0.004149",1.90570532915361,1.7,0.991598746081504,3.5286,0.914106583072101,0.00869906307078389,1.69130093692922,1.54602932040301,0.048313416262594,NA,NA,NA,"500 μatm"
"198","9/30/2021",8,"1","SDR_data","8_B","B3",3,4725.11,NA,NA,"0.00779",2.54219435736677,1.7,0.991598746081504,4.72511,1.55059561128527,0.0208881972590482,1.67911180274095,2.60362339218741,0.0813632310058567,NA,NA,NA,"500 μatm"
"199","9/30/2021",8,"1","SDR_data","8_B","A4",1,4063.04,NA,NA,"0.004994",1.75745454545455,1.7,0.991598746081504,4.06304,0.765855799373042,0.0132806240865109,1.68671937591349,1.29178381595822,0.0403682442486945,NA,NA,NA,"500 μatm"
"200","9/30/2021",8,"1","SDR_data","8_B","A4",1,4277.99,NA,NA,"0.005198",1.75745454545455,1.7,0.991598746081504,4.27799,0.765855799373042,0.0155018840951232,1.68449811590488,1.29008265109871,0.0403150828468348,NA,NA,NA,"500 μatm"
"201","9/30/2021",8,"1","SDR_data","8_B","C6",2,5084.03,NA,NA,"0.011496",3.21054545454546,1.7,0.991598746081504,5.08403,2.21894670846395,0.0260189342726478,1.67398106572735,3.71447477582669,0.116077336744584,NA,NA,NA,"500 μatm"
"202","9/30/2021",8,"1","SDR_data","8_D","A2",1,5545.94,NA,NA,"0.013734",3.83781818181818,1.7,0.991598746081504,5.54594,2.84621943573668,0.0337746370371333,1.66622536296287,4.74244301238231,0.148201344136947,NA,NA,NA,"500 μatm"
"203","9/30/2021",8,"1","SDR_data","8_B","B3",3,3162.5,NA,NA,"0.002034",2.54219435736677,1.7,0.991598746081504,3.1625,1.55059561128527,0.00626263055859375,1.69373736944141,2.6263017317257,0.0820719291164281,NA,NA,NA,"500 μatm"
"204","9/30/2021",8,"1","SDR_data","8_B","B3",3,4098.8,NA,NA,"0.005571",2.54219435736677,1.7,0.991598746081504,4.0988,1.55059561128527,0.0136343793386339,1.68636562066137,2.61487113041987,0.081714722825621,NA,NA,NA,"500 μatm"
"205","9/30/2021",8,"1","SDR_data","8_D","C3",3,3353.75,NA,NA,"0.003027",1.01416927899687,1.7,0.991598746081504,3.35375,0.022570532915361,0.00746891036216015,1.69253108963784,0.0382013286689428,0.00119379152090446,NA,NA,NA,"500 μatm"
"206","9/30/2021",8,"1","SDR_data","8_C","B6",1,3021.9,NA,NA,"0.000602",1.09963636363636,1.7,0.991598746081504,3.0219,0.10803761755486,0.00546393414470488,1.6945360658553,0.183073639415791,0.00572105123174347,NA,NA,NA,"500 μatm"
"207","9/30/2021",8,"1","SDR_data","8_C","B6",1,2772.19,NA,NA,"0.001461",1.09963636363636,1.7,0.991598746081504,2.77219,0.10803761755486,0.0042182679961807,1.69578173200382,0.183208218218746,0.00572525681933582,NA,NA,NA,"500 μatm"
"208","9/30/2021",8,"1","SDR_data","8_C","D6",2,2994.94,NA,NA,"0.00179",1.11054545454545,1.7,0.991598746081504,2.99494,0.11894670846395,0.00531899483996347,1.69468100516004,0.201576727460165,0.00629927273313016,NA,NA,NA,"500 μatm"
"209","9/30/2021",8,"1","SDR_data","8_D","A2",1,3548.86,NA,NA,"0.003948",3.83781818181818,1.7,0.991598746081504,3.54886,2.84621943573668,0.00884976608127318,1.69115023391873,4.81338466453011,0.150418270766566,NA,NA,NA,"500 μatm"
"210","9/30/2021",8,"2","SDR_data","8_A","B1",5,4532.4,NA,NA,"0.007887",3.90893617021277,1.7,1.02332459782045,4.5324,2.88561157239232,0.0184352861429003,1.6815647138571,4.85234259803263,0.15163570618852,NA,NA,NA,"500 μatm"
"211","9/30/2021",8,"2","SDR_data","8_B","D3",5,3841.53,NA,NA,"0.004529",1.81346341463415,1.7,1.02332459782045,3.84153,0.7901388168137,0.0112247810284004,1.6887752189716,1.33436685338252,0.0416989641682037,NA,NA,NA,"500 μatm"
"212","9/30/2021",8,"2","SDR_data","8_A","B3",4,2569.09,NA,NA,"0.001218",1.56760975609756,1.7,1.02332459782045,2.56909,0.544285158277114,0.00335740046536569,1.69664259953463,0.923457385827403,0.0288580433071063,NA,NA,NA,"500 μatm"
"213","9/30/2021",8,"2","SDR_data","8_C","A2",4,2515.39,NA,NA,"0.001307",1.46425531914894,1.7,1.02332459782045,2.51539,0.44093072132849,0.00315123782210896,1.69684876217789,0.748192748692453,0.0233810233966391,NA,NA,NA,"500 μatm"
"214","9/30/2021",8,"2","SDR_data","8_C","A2",4,3008.54,NA,NA,"0.001894",1.46425531914894,1.7,1.02332459782045,3.00854,0.44093072132849,0.0053917849274327,1.69460821507257,0.747204822641132,0.0233501507075354,NA,NA,NA,"500 μatm"
"215","9/30/2021",8,"2","SDR_data","8_C","C5",5,2291.39,NA,NA,"0.000801",1.09276595744681,1.7,1.02332459782045,2.29139,0.0694413596263617,0.0023821122942961,1.6976178877057,0.117884894248316,0.00368390294525988,NA,NA,NA,"500 μatm"
"216","9/30/2021",8,"2","SDR_data","8_B","B5",4,4939.21,NA,NA,"0.009948",3.3939512195122,1.7,1.02332459782045,4.93921,2.37062662169175,0.0238581994299005,1.6761418005701,3.97350637416182,0.124172074192557,NA,NA,NA,"500 μatm"
"217","9/30/2021",8,"2","SDR_data","8_D","A6",4,4130.83,NA,NA,"0.004762",1.68,1.7,1.02332459782045,4.13083,0.656675402179553,0.0139565204889745,1.68604347951103,1.10718328000012,0.0345994775000036,NA,NA,NA,"500 μatm"
"218","9/30/2021",8,"2","SDR_data","8_D","B2",5,1872.86,NA,NA,"0.000416",2.42809756097561,1.7,1.02332459782045,1.87286,1.40477296315516,0.00130071195796403,1.69869928804204,2.38628683237238,0.0745714635116368,NA,NA,NA,"500 μatm"
"219","9/30/2021",8,"2","SDR_data","8_D","B2",5,3569.03,NA,NA,"0.004801",2.42809756097561,1.7,1.02332459782045,3.56903,1.40477296315516,0.00900151865259101,1.69099848134741,2.37546894733328,0.074233404604165,NA,NA,NA,"500 μatm"
