Date,raw_ID_sample_number,sample_ID,pH,Fed_Unfed,Replicate,Number,Plate,Run,time,Chaet_count,PLY_count,Low_chlorophyll_count,Volume_µL,Chaet_cell.ml,PLY_cell.ml,Low_chlorophyll_cell.ml,quality
20210914,NA,8.0A,8,fed,A,1,NA,1,0,1286,59,678,33,38969.69697,1787.878788,20545.45455,
20210914,NA,8.0A,8,fed,A,1,NA,1,10,1169,46,713,33,35424.24242,1393.939394,21606.06061,
20210914,NA,8.0A,8,fed,A,1,NA,1,27,1154,56,636,33,34969.69697,1696.969697,19272.72727,
20210914,NA,8.0A,8,fed,A,1,NA,1,47,1109,50,2374,33,33606.06061,1515.151515,71939.39394,
20210914,NA,8.0A,8,fed,A,1,NA,1,57,1075,35,607,33,32575.75758,1060.606061,18393.93939,
20210914,NA,8.0A,8,fed,A,1,NA,1,70,1045,48,658,33,31666.66667,1454.545455,19939.39394,
20210914,NA,8.0A,8,fed,A,1,NA,1,90,981,22,655,33,29727.27273,666.6666667,19848.48485,
20210914,NA,7.5A,7.5,fed,A,1,NA,1,0,1245,69,717,33,37727.27273,2090.909091,21727.27273,
20210914,NA,7.5A,7.5,fed,A,1,NA,1,10,1127,55,666,33,34151.51515,1666.666667,20181.81818,
20210914,NA,7.5A,7.5,fed,A,1,NA,1,27,1029,266,640,33,31181.81818,8060.606061,19393.93939,
20210914,NA,7.5A,7.5,fed,A,1,NA,1,47,941,41,518,33,28515.15152,1242.424242,15696.9697,
20210914,NA,7.5A,7.5,fed,A,1,NA,1,57,651,28,504,33,19727.27273,848.4848485,15272.72727,
20210914,NA,7.5A,7.5,fed,A,1,NA,1,70,799,48,502,33,24212.12121,1454.545455,15212.12121,
20210914,NA,7.5A,7.5,fed,A,1,NA,1,90,498,22,375,33,15090.90909,666.6666667,11363.63636,
20210914,NA,8.0A,8,fed,A,2,NA,2,0,1299,113,685,33,39363.63636,3424.242424,20757.57576,
20210914,NA,8.0A,8,fed,A,2,NA,2,10,1080,121,621,33,32727.27273,3666.666667,18818.18182,
20210914,NA,8.0A,8,fed,A,2,NA,2,20,762,42,466,33,23090.90909,1272.727273,14121.21212,
20210914,NA,8.0A,8,fed,A,2,NA,2,30,772,81,1076,33,23393.93939,2454.545455,32606.06061,
20210914,NA,8.0A,8,fed,A,2,NA,2,40,492,21,380,33,14909.09091,636.3636364,11515.15152,
20210914,NA,8.0A,8,fed,A,2,NA,2,50,726,37,610,33,22000,1121.212121,18484.84848,
20210914,NA,8.0A,8,fed,A,2,NA,2,70,772,45,553,33,23393.93939,1363.636364,16757.57576,
20210914,NA,8.0A,8,fed,A,2,NA,2,90,532,31,415,33,16121.21212,939.3939394,12575.75758,
20210914,NA,7.5A,7.5,fed,A,2,NA,2,0,1330,75,674,33,40303.0303,2272.727273,20424.24242,
20210914,NA,7.5A,7.5,fed,A,2,NA,2,10,1276,88,661,33,38666.66667,2666.666667,20030.30303,
20210914,NA,7.5A,7.5,fed,A,2,NA,2,20,1190,63,737,33,36060.60606,1909.090909,22333.33333,
20210914,NA,7.5A,7.5,fed,A,2,NA,2,30,1092,76,671,33,33090.90909,2303.030303,20333.33333,
20210914,NA,7.5A,7.5,fed,A,2,NA,2,40,1008,45,817,33,30545.45455,1363.636364,24757.57576,
20210914,NA,7.5A,7.5,fed,A,2,NA,2,50,919,39,719,33,27848.48485,1181.818182,21787.87879,
20210914,NA,7.5A,7.5,fed,A,2,NA,2,70,860,43,536,33,26060.60606,1303.030303,16242.42424,
20210914,NA,7.5A,7.5,fed,A,2,NA,2,90,768,31,477,33,23272.72727,939.3939394,14454.54545,
20210914,NA,8A,8,fed,A,3,NA,3,0,1201,72,659,33,36393.93939,2181.818182,19969.69697,
20210914,NA,8A,8,fed,A,3,NA,3,15,1204,49,647,33,36484.84848,1484.848485,19606.06061,
20210914,NA,8A,8,fed,A,3,NA,3,30,1192,49,554,33,36121.21212,1484.848485,16787.87879,
20210914,NA,8A,8,fed,A,3,NA,3,45,1149,39,638,33,34818.18182,1181.818182,19333.33333,
20210914,NA,8A,8,fed,A,3,NA,3,60,1172,67,575,33,35515.15152,2030.30303,17424.24242,
20210914,NA,8A,8,fed,A,3,NA,3,75,1087,69,645,33,32939.39394,2090.909091,19545.45455,
20210914,NA,8A,8,fed,A,3,NA,3,90,1061,64,1572,33,32151.51515,1939.393939,47636.36364,
20210914,NA,7.5A,7.5,fed,A,3,NA,3,0,1168,57,639,33,35393.93939,1727.272727,19363.63636,
20210914,NA,7.5A,7.5,fed,A,3,NA,3,15,1141,59,588,33,34575.75758,1787.878788,17818.18182,
20210914,NA,7.5A,7.5,fed,A,3,NA,3,30,1010,54,526,33,30606.06061,1636.363636,15939.39394,
20210914,NA,7.5A,7.5,fed,A,3,NA,3,45,879,36,445,33,26636.36364,1090.909091,13484.84848,
20210914,NA,7.5A,7.5,fed,A,3,NA,3,60,716,58,497,33,21696.9697,1757.575758,15060.60606,
20210914,NA,7.5A,7.5,fed,A,3,NA,3,75,939,88,519,33,28454.54545,2666.666667,15727.27273,
20210914,NA,7.5A,7.5,fed,A,3,NA,3,90,1237,56,669,33,37484.84848,1696.969697,20272.72727,
20210930,NA,13,7.5,fed,A,3,1,1,0,1292,102,770,33,39151.51515,3090.909091,23333.33333,
20210930,NA,13,7.5,fed,A,3,1,1,10,1358,62,762,33,41151.51515,1878.787879,23090.90909,
20210930,NA,13,7.5,fed,A,3,1,1,20,1084,56,721,33,32848.48485,1696.969697,21848.48485,
20210930,NA,13,7.5,fed,A,3,1,1,30,803,45,562,33,24333.33333,1363.636364,17030.30303,
20210930,NA,13,7.5,fed,A,3,1,1,60,348,36,323,33,10545.45455,1090.909091,9787.878788,
20210930,NA,44,7.5,fed,A,1,2,1,0,1218,124,776,33,36909.09091,3757.575758,23515.15152,
20210930,NA,44,7.5,fed,A,1,2,1,10,956,67,621,33,28969.69697,2030.30303,18818.18182,
20210930,NA,44,7.5,fed,A,1,2,1,20,738,47,753,33,22363.63636,1424.242424,22818.18182,
20210930,NA,44,7.5,fed,A,1,2,1,30,2206,128,3503,33,66848.48485,3878.787879,106151.5152,*
20210930,NA,44,7.5,fed,A,1,2,1,50,351,26,402,33,10636.36364,787.8787879,12181.81818,
20210930,NA,44,7.5,fed,A,1,2,1,60,488,36,650,33,14787.87879,1090.909091,19696.9697,
20210930,NA,45,7.5,fed,A,2,2,1,0,1481,91,803,33,44878.78788,2757.575758,24333.33333,
20210930,NA,45,7.5,fed,A,2,2,1,10,1553,83,1245,33,47060.60606,2515.151515,37727.27273,
20210930,NA,45,7.5,fed,A,2,2,1,20,1268,65,969,33,38424.24242,1969.69697,29363.63636,
20210930,NA,45,7.5,fed,A,2,2,1,30,1155,57,939,33,35000,1727.272727,28454.54545,
20210930,NA,45,7.5,fed,A,2,2,1,60,1082,59,1069,33,32787.87879,1787.878788,32393.93939,
20210930,NA,4,7.5,unfed,A,3,1,1,0,1356,116,915,33,41090.90909,3515.151515,27727.27273,
20210930,NA,4,7.5,unfed,A,3,1,1,10,1406,79,945,33,42606.06061,2393.939394,28636.36364,
20210930,NA,4,7.5,unfed,A,3,1,1,20,1261,58,807,33,38212.12121,1757.575758,24454.54545,
20210930,NA,4,7.5,unfed,A,3,1,1,30,1197,78,903,33,36272.72727,2363.636364,27363.63636,
20210930,NA,4,7.5,unfed,A,3,1,1,60,986,56,1675,33,29878.78788,1696.969697,50757.57576,*
20210930,NA,19,7.5,unfed,A,2,1,1,0,1338,100,813,33,40545.45455,3030.30303,24636.36364,
20210930,NA,19,7.5,unfed,A,2,1,1,10,1364,91,790,33,41333.33333,2757.575758,23939.39394,
20210930,NA,19,7.5,unfed,A,2,1,1,20,1266,72,875,33,38363.63636,2181.818182,26515.15152,
20210930,NA,19,7.5,unfed,A,2,1,1,30,1258,55,792,33,38121.21212,1666.666667,24000,
20210930,NA,19,7.5,unfed,A,2,1,1,60,1137,55,647,33,34454.54545,1666.666667,19606.06061,
20210930,NA,27,7.5,unfed,A,1,2,1,0,1421,88,898,33,43060.60606,2666.666667,27212.12121,
20210930,NA,27,7.5,unfed,A,1,2,1,10,1501,93,1182,33,45484.84848,2818.181818,35818.18182,*
20210930,NA,27,7.5,unfed,A,1,2,1,20,1454,92,953,33,44060.60606,2787.878788,28878.78788,
20210930,NA,27,7.5,unfed,A,1,2,1,30,1291,80,941,33,39121.21212,2424.242424,28515.15152,
20210930,NA,27,7.5,unfed,A,1,2,1,60,1230,75,960,33,37272.72727,2272.727273,29090.90909,
20210930,NA,7,7.5,fed,A,5,1,2,0,"1,227",77,952,33,37181.81818,2333.333333,28848.48485,
20210930,NA,7,7.5,fed,A,5,1,2,10,"1,072",35,708,33,32484.84848,1060.606061,21454.54545,
20210930,NA,7,7.5,fed,A,5,1,2,20,381,9,281,33,11545.45455,272.7272727,8515.151515,
20210930,NA,7,7.5,fed,A,5,1,2,30,588,15,385,33,17818.18182,454.5454545,11666.66667,
20210930,NA,7,7.5,fed,A,5,1,2,40,198,17,214,33,6000,515.1515152,6484.848485,
20210930,NA,7,7.5,fed,A,5,1,2,50,973,70,"1,589",33,29484.84848,2121.212121,48151.51515,*
20210930,NA,7,7.5,fed,A,5,1,2,60,"1,283",80,"2,879",33,38878.78788,2424.242424,87242.42424,*
20210930,NA,19,7.5,fed,A,4,2,2,0,"1,492",102,"1,006",33,45212.12121,3090.909091,30484.84848,
20210930,NA,19,7.5,fed,A,4,2,2,20,"1,097",68,992,33,33242.42424,2060.606061,30060.60606,
20210930,NA,19,7.5,fed,A,4,2,2,40,690,61,712,33,20909.09091,1848.484848,21575.75758,
20210930,NA,19,7.5,fed,A,4,2,2,60,905,53,"2,318",33,27424.24242,1606.060606,70242.42424,*
20210930,NA,17,7.5,unfed,A,4,1,2,0,"1,442",99,"1,118",33,43696.9697,3000,33878.78788,
20210930,NA,17,7.5,unfed,A,4,1,2,20,"1,346",52,"1,384",33,40787.87879,1575.757576,41939.39394,
20210930,NA,17,7.5,unfed,A,4,1,2,40,"1,597",110,"1,077",33,48393.93939,3333.333333,32636.36364,
20210930,NA,17,7.5,unfed,A,4,1,2,60,"1,178",47,"1,187",33,35696.9697,1424.242424,35969.69697,
20210930,NA,25,7.5,unfed,A,5,2,2,0,"1,661",98,"1,196",33,50333.33333,2969.69697,36242.42424,
20210930,NA,25,7.5,unfed,A,5,2,2,20,"1,276",52,981,33,38666.66667,1575.757576,29727.27273,
20210930,NA,25,7.5,unfed,A,5,2,2,40,"1,138",70,886,33,34484.84848,2121.212121,26848.48485,
20210930,NA,25,7.5,unfed,A,5,2,2,50,"1,128",46,694,33,34181.81818,1393.939394,21030.30303,
20210930,NA,25,7.5,unfed,A,5,2,2,60,"1,235",56,"1,536",33,37424.24242,1696.969697,46545.45455,*
20210930,NA,5,8,fed,A,3,1,1,0,1406,107,1000,33,42606.06061,3242.424242,30303.0303,
20210930,NA,5,8,fed,A,3,1,1,10,881,58,543,33,26696.9697,1757.575758,16454.54545,
20210930,NA,5,8,fed,A,3,1,1,20,610,23,425,33,18484.84848,696.969697,12878.78788,
20210930,NA,5,8,fed,A,3,1,1,30,139,11,201,33,4212.121212,333.3333333,6090.909091,
20210930,NA,5,8,fed,A,3,1,1,60,396,46,823,33,12000,1393.939394,24939.39394,*
20210930,NA,35,8,fed,A,2,2,1,0,1247,93,785,33,37787.87879,2818.181818,23787.87879,
20210930,NA,35,8,fed,A,2,2,1,10,1160,70,1054,33,35151.51515,2121.212121,31939.39394,
20210930,NA,35,8,fed,A,2,2,1,20,970,51,940,33,29393.93939,1545.454545,28484.84848,
20210930,NA,35,8,fed,A,2,2,1,30,881,57,934,33,26696.9697,1727.272727,28303.0303,
20210930,NA,35,8,fed,A,2,2,1,60,816,33,867,33,24727.27273,1000,26272.72727,
20210930,NA,6,8,unfed,A,2,1,1,0,1351,111,872,33,40939.39394,3363.636364,26424.24242,
20210930,NA,6,8,unfed,A,2,1,1,10,1267,91,910,33,38393.93939,2757.575758,27575.75758,
20210930,NA,6,8,unfed,A,2,1,1,20,1157,71,702,33,35060.60606,2151.515152,21272.72727,
20210930,NA,6,8,unfed,A,2,1,1,30,1088,58,690,33,32969.69697,1757.575758,20909.09091,
20210930,NA,6,8,unfed,A,2,1,1,60,902,46,716,33,27333.33333,1393.939394,21696.9697,
20210930,NA,14,8,unfed,A,3,1,1,0,1338,97,864,33,40545.45455,2939.393939,26181.81818,
20210930,NA,14,8,unfed,A,3,1,1,10,1373,71,856,33,41606.06061,2151.515152,25939.39394,
20210930,NA,14,8,unfed,A,3,1,1,20,1268,78,867,33,38424.24242,2363.636364,26272.72727,
20210930,NA,14,8,unfed,A,3,1,1,30,1449,76,1046,33,43909.09091,2303.030303,31696.9697,*
20210930,NA,14,8,unfed,A,3,1,1,60,1020,82,842,33,30909.09091,2484.848485,25515.15152,
20210930,NA,43,8,unfed,A,1,2,1,0,1351,101,923,33,40939.39394,3060.606061,27969.69697,
20210930,NA,43,8,unfed,A,1,2,1,10,1333,74,1216,33,40393.93939,2242.424242,36848.48485,
20210930,NA,43,8,unfed,A,1,2,1,20,1258,64,1096,33,38121.21212,1939.393939,33212.12121,
20210930,NA,43,8,unfed,A,1,2,1,30,1153,56,903,33,34939.39394,1696.969697,27363.63636,
20210930,NA,43,8,unfed,A,1,2,1,60,1282,65,1114,33,38848.48485,1969.69697,33757.57576,
20210930,NA,47,8,fed,A,1,2,1,0,1308,123,947,33,39636.36364,3727.272727,28696.9697,
20210930,NA,47,8,fed,A,1,2,1,10,1233,102,1353,33,37363.63636,3090.909091,41000,
20210930,NA,47,8,fed,A,1,2,1,20,949,62,1104,33,28757.57576,1878.787879,33454.54545,
20210930,NA,47,8,fed,A,1,2,1,30,878,42,923,33,26606.06061,1272.727273,27969.69697,
20210930,NA,47,8,fed,A,1,2,1,60,427,36,680,33,12939.39394,1090.909091,20606.06061,
20210930,NA,5,8,fed,A,5,1,2,0,"1,245",84,783,33,37727.27273,2545.454545,23727.27273,
20210930,NA,5,8,fed,A,5,1,2,20,504,21,586,33,15272.72727,636.3636364,17757.57576,
20210930,NA,5,8,fed,A,5,1,2,40,340,21,496,33,10303.0303,636.3636364,15030.30303,
20210930,NA,5,8,fed,A,5,1,2,60,96,4,176,33,2909.090909,121.2121212,5333.333333,
20210930,NA,24,8,fed,A,4,2,2,0,"1,554",116,"1,238",33,47090.90909,3515.151515,37515.15152,
20210930,NA,24,8,fed,A,4,2,2,20,"1,375",81,"1,107",33,41666.66667,2454.545455,33545.45455,
20210930,NA,24,8,fed,A,4,2,2,40,"1,311",94,"1,352",33,39727.27273,2848.484848,40969.69697,
20210930,NA,24,8,fed,A,4,2,2,60,"1,216",48,"2,502",33,36848.48485,1454.545455,75818.18182,*
20210930,NA,16,8,unfed,A,4,1,2,0,"1,602",105,"1,214",33,48545.45455,3181.818182,36787.87879,
20210930,NA,16,8,unfed,A,4,1,2,20,"1,377",50,"1,767",33,41727.27273,1515.151515,53545.45455,*
20210930,NA,16,8,unfed,A,4,1,2,40,"1,188",95,964,33,36000,2878.787879,29212.12121,
20210930,NA,16,8,unfed,A,4,1,2,60,"1,157",42,"1,819",33,35060.60606,1272.727273,55121.21212,*
20210930,NA,32,8,unfed,A,5,2,2,0,"1,625",106,"1,264",33,49242.42424,3212.121212,38303.0303,
20210930,NA,32,8,unfed,A,5,2,2,20,"1,164",49,977,33,35272.72727,1484.848485,29606.06061,
20210930,NA,32,8,unfed,A,5,2,2,40,"1,025",70,997,33,31060.60606,2121.212121,30212.12121,
20210930,NA,32,8,unfed,A,5,2,2,60,"1,106",44,"2,248",33,33515.15152,1333.333333,68121.21212,*
20211026,A04 R1 7.5A T0,7.5A,7.5,fed,A,1,NA,1,0,"1,148",223,"3,022",33,34787.87879,6757.575758,91575.75758,
20211026,B04 R1 7.5A T15,7.5A,7.5,fed,A,1,NA,1,15,"1,032",104,"2,671",33,31272.72727,3151.515152,80939.39394,
20211026,C04 R1 7.5A T30,7.5A,7.5,fed,A,1,NA,1,30,754,68,"3,161",33,22848.48485,2060.606061,95787.87879,
20211026,D04 R1 7.5A T45,7.5A,7.5,fed,A,1,NA,1,45,907,61,"3,494",33,27484.84848,1848.484848,105878.7879,
20211026,E04 R1 7.5A T60,7.5A,7.5,fed,A,1,NA,1,60,430,43,"1,657",33,13030.30303,1303.030303,50212.12121,
20211026,A01 R1 S1 8.0A  T0,8A,8,fed,A,1,NA,1,0,"1,164",237,"2,933",33,35272.72727,7181.818182,88878.78788,
20211026,B01 R1 8.0A  T15,8A,8,fed,A,1,NA,1,15,7,1,313,33,212.1212121,30.3030303,9484.848485,
20211026,D01 R1 8.0A  T45,8A,8,fed,A,1,NA,1,45,6,0,468,33,181.8181818,0,14181.81818,
20211026,E01 R1 8.0A  T60,8A,8,fed,A,1,NA,1,60,7,0,110,33,212.1212121,0,3333.333333,
20211026,A11 R2 7.5A T0,7.5A,7.5,fed,A,2,NA,2,0,"1,392",26,"9,510",50,27840,520,190200,
20211026,B11 R2 7.5A T15,7.5A,7.5,fed,A,2,NA,2,15,197,1,"1,597",50,3940,20,31940,
20211026,C11 R2 7.5A T30,7.5A,7.5,fed,A,2,NA,2,30,27,0,"1,998",50,540,0,39960,
20211026,D11 R2 7.5A T45,7.5A,7.5,fed,A,2,NA,2,45,0,0,176,50,0,0,3520,
20211026,E11 R2 7.5A T60,7.5A,7.5,fed,A,2,NA,2,60,159,4,"8,187",50,3180,80,163740,
20211026,A08 R2 8.0A T0,8A,8,fed,A,2,NA,2,0,"1,339",37,"7,854",50,26780,740,157080,
20211026,B08 R2 8.0A T15,8A,8,fed,A,2,NA,2,15,691,9,"5,149",50,13820,180,102980,
20211026,C08 R2 8.0A T30,8A,8,fed,A,2,NA,2,30,91,0,792,50,1820,0,15840,
20211026,D08 R2 8.0A T45,8A,8,fed,A,2,NA,2,45,2,0,419,50,40,0,8380,
20211026,E08 R2 8.0A T60,8A,8,fed,A,2,NA,2,60,13,0,441,50,260,0,8820,
20211026,1,8.0A,8,unfed,A,1,NA,1_B,0,"1,109",192,"3,308",33,33606.06061,5818.181818,100242.4242,
20211026,1,8.0A,8,unfed,A,1,NA,1_B,15,"1,159",145,"4,086",33,35121.21212,4393.939394,123818.1818,
20211026,1,8.0A,8,unfed,A,1,NA,1_B,30,"1,022",103,"3,054",33,30969.69697,3121.212121,92545.45455,
20211026,1,8.0A,8,unfed,A,1,NA,1_B,45,998,86,"4,443",33,30242.42424,2606.060606,134636.3636,
20211026,1,8.0A,8,unfed,A,1,NA,1_B,60,859,80,"1,999",33,26030.30303,2424.242424,60575.75758,
20211026,3,7.5A,7.5,unfed,A,1,NA,1_B,0,"1,115",197,"3,324",33,33787.87879,5969.69697,100727.2727,
20211026,3,7.5A,7.5,unfed,A,1,NA,1_B,15,"1,002",109,"3,024",33,30363.63636,3303.030303,91636.36364,
20211026,3,7.5A,7.5,unfed,A,1,NA,1_B,30,932,83,"2,917",33,28242.42424,2515.151515,88393.93939,
20211026,3,7.5A,7.5,unfed,A,1,NA,1_B,45,687,54,"2,203",33,20818.18182,1636.363636,66757.57576,
20211026,3,7.5A,7.5,unfed,A,1,NA,1_B,60,914,52,"2,612",33,27696.9697,1575.757576,79151.51515,
20211026,6,7.5A,7.5,unfed,A,2,NA,1_B,0,"1,029",206,"2,960",33,31181.81818,6242.424242,89696.9697,
20211026,6,7.5A,7.5,unfed,A,2,NA,1_B,15,862,71,"2,798",33,26121.21212,2151.515152,84787.87879,
20211026,6,7.5A,7.5,unfed,A,2,NA,1_B,30,834,62,"2,619",33,25272.72727,1878.787879,79363.63636,
20211026,6,7.5A,7.5,unfed,A,2,NA,1_B,45,736,54,"2,454",33,22303.0303,1636.363636,74363.63636,
20211026,6,7.5A,7.5,unfed,A,2,NA,1_B,60,863,31,"2,556",33,26151.51515,939.3939394,77454.54545,
20211026,15,8.0A,8,unfed,A,2,NA,1_B,0,937,177,"2,543",33,28393.93939,5363.636364,77060.60606,
20211026,15,8.0A,8,unfed,A,2,NA,1_B,15,922,80,"2,400",33,27939.39394,2424.242424,72727.27273,
20211026,15,8.0A,8,unfed,A,2,NA,1_B,30,854,57,"1,992",33,25878.78788,1727.272727,60363.63636,
20211026,15,8.0A,8,unfed,A,2,NA,1_B,45,801,49,"2,002",33,24272.72727,1484.848485,60666.66667,
20211026,15,8.0A,8,unfed,A,2,NA,1_B,60,814,50,"2,868",33,24666.66667,1515.151515,86909.09091,
20210914,NA,8.0B ,8,fed,B,1,NA,1,0,1269,63,733,33,38454.54545,1909.090909,22212.12121,
20210914,NA,8.0B ,8,fed,B,1,NA,1,10,1251,60,691,33,37909.09091,1818.181818,20939.39394,
20210914,NA,8.0B ,8,fed,B,1,NA,1,27,1170,63,628,33,35454.54545,1909.090909,19030.30303,
20210914,NA,8.0B ,8,fed,B,1,NA,1,47,1101,56,921,33,33363.63636,1696.969697,27909.09091,
20210914,NA,8.0B ,8,fed,B,1,NA,1,57,927,48,534,33,28090.90909,1454.545455,16181.81818,
20210914,NA,8.0B ,8,fed,B,1,NA,1,70,950,47,572,33,28787.87879,1424.242424,17333.33333,
20210914,NA,8.0B ,8,fed,B,1,NA,1,90,715,49,408,33,21666.66667,1484.848485,12363.63636,
20210914,NA,7.5B,7.5,fed,B,1,NA,1,0,1255,75,723,33,38030.30303,2272.727273,21909.09091,
20210914,NA,7.5B,7.5,fed,B,1,NA,1,10,1270,66,744,33,38484.84848,2000,22545.45455,
20210914,NA,7.5B,7.5,fed,B,1,NA,1,27,1053,52,618,33,31909.09091,1575.757576,18727.27273,
20210914,NA,7.5B,7.5,fed,B,1,NA,1,47,979,45,699,33,29666.66667,1363.636364,21181.81818,
20210914,NA,7.5B,7.5,fed,B,1,NA,1,57,786,35,480,33,23818.18182,1060.606061,14545.45455,
20210914,NA,7.5B,7.5,fed,B,1,NA,1,70,754,29,487,33,22848.48485,878.7878788,14757.57576,
20210914,NA,7.5B,7.5,fed,B,1,NA,1,90,672,28,515,33,20363.63636,848.4848485,15606.06061,
20210914,NA,8.0B,8,fed,B,2,NA,2,10,1192,58,755,33,36121.21212,1757.575758,22878.78788,
20210914,NA,8.0B,8,fed,B,2,NA,2,20,1192,51,743,33,36121.21212,1545.454545,22515.15152,
20210914,NA,8.0B,8,fed,B,2,NA,2,30,1035,109,730,33,31363.63636,3303.030303,22121.21212,
20210914,NA,8.0B,8,fed,B,2,NA,2,40,1094,33,1383,33,33151.51515,1000,41909.09091,
20210914,NA,8.0B,8,fed,B,2,NA,2,50,941,34,632,33,28515.15152,1030.30303,19151.51515,
20210914,NA,8.0B,8,fed,B,2,NA,2,70,991,44,603,33,30030.30303,1333.333333,18272.72727,
20210914,NA,8.0B,8,fed,B,2,NA,2,90,851,38,542,33,25787.87879,1151.515152,16424.24242,
20210914,NA,7.5B,7.5,fed,B,2,NA,2,0,1258,88,949,33,38121.21212,2666.666667,28757.57576,
20210914,NA,7.5B,7.5,fed,B,2,NA,2,10,1091,77,654,33,33060.60606,2333.333333,19818.18182,
20210914,NA,7.5B,7.5,fed,B,2,NA,2,20,1067,52,596,33,32333.33333,1575.757576,18060.60606,
20210914,NA,7.5B,7.5,fed,B,2,NA,2,30,815,114,530,33,24696.9697,3454.545455,16060.60606,
20210914,NA,7.5B,7.5,fed,B,2,NA,2,40,777,39,524,33,23545.45455,1181.818182,15878.78788,
20210914,NA,7.5B,7.5,fed,B,2,NA,2,50,511,25,363,33,15484.84848,757.5757576,11000,
20210914,NA,7.5B,7.5,fed,B,2,NA,2,70,243,17,212,33,7363.636364,515.1515152,6424.242424,
20210914,NA,7.5B,7.5,fed,B,2,NA,2,90,180,12,184,33,5454.545455,363.6363636,5575.757576,
20210914,NA,8.0B,8,fed,B,3,NA,4,0,1281,158,2371,33,38818.18182,4787.878788,71848.48485,
20210914,NA,8.0B,8,fed,B,3,NA,4,15,920,156,848,33,27878.78788,4727.272727,25696.9697,
20210914,NA,8.0B,8,fed,B,3,NA,4,30,1163,127,943,33,35242.42424,3848.484848,28575.75758,
20210914,NA,8.0B,8,fed,B,3,NA,4,45,1113,50,1109,33,33727.27273,1515.151515,33606.06061,
20210914,NA,8.0B,8,fed,B,3,NA,4,60,1134,43,1173,33,34363.63636,1303.030303,35545.45455,
20210914,NA,8.0B,8,fed,B,3,NA,4,75,1124,35,693,33,34060.60606,1060.606061,21000,
20210914,NA,8.0B,8,fed,B,3,NA,4,90,1118,27,696,33,33878.78788,818.1818182,21090.90909,
20210914,NA,7.5B,7.5,fed,B,3,NA,4,0,1227,99,1257,33,37181.81818,3000,38090.90909,
20210914,NA,7.5B,7.5,fed,B,3,NA,4,15,1295,127,1116,33,39242.42424,3848.484848,33818.18182,
20210914,NA,7.5B,7.5,fed,B,3,NA,4,30,975,142,947,33,29545.45455,4303.030303,28696.9697,
20210914,NA,7.5B,7.5,fed,B,3,NA,4,45,867,111,858,33,26272.72727,3363.636364,26000,
20210914,NA,7.5B,7.5,fed,B,3,NA,4,60,762,33,1113,33,23090.90909,1000,33727.27273,
20210914,NA,7.5B,7.5,fed,B,3,NA,4,75,1706,74,2092,33,51696.9697,2242.424242,63393.93939,
20210914,NA,7.5B,7.5,fed,B,3,NA,4,90,627,32,653,33,19000,969.6969697,19787.87879,
20210930,NA,20,7.5,fed,B,3,1,1,0,1253,90,770,33,37969.69697,2727.272727,23333.33333,
20210930,NA,20,7.5,fed,B,3,1,1,10,1248,70,849,33,37818.18182,2121.212121,25727.27273,
20210930,NA,20,7.5,fed,B,3,1,1,20,1088,43,834,33,32969.69697,1303.030303,25272.72727,
20210930,NA,20,7.5,fed,B,3,1,1,30,1251,56,985,33,37909.09091,1696.969697,29848.48485,
20210930,NA,20,7.5,fed,B,3,1,1,60,1063,55,843,33,32212.12121,1666.666667,25545.45455,
20210930,NA,25,7.5,fed,B,1,2,1,0,1422,113,745,33,43090.90909,3424.242424,22575.75758,
20210930,NA,25,7.5,fed,B,1,2,1,10,1110,76,761,33,33636.36364,2303.030303,23060.60606,
20210930,NA,25,7.5,fed,B,1,2,1,20,1444,100,1156,33,43757.57576,3030.30303,35030.30303,*
20210930,NA,25,7.5,fed,B,1,2,1,30,1168,52,944,33,35393.93939,1575.757576,28606.06061,
20210930,NA,25,7.5,fed,B,1,2,1,50,897,40,933,33,27181.81818,1212.121212,28272.72727,
20210930,NA,25,7.5,fed,B,1,2,1,60,1114,70,1269,33,33757.57576,2121.212121,38454.54545,*
20210930,NA,46,7.5,fed,B,2,2,1,0,1458,111,790,33,44181.81818,3363.636364,23939.39394,
20210930,NA,46,7.5,fed,B,2,2,1,10,1313,77,873,33,39787.87879,2333.333333,26454.54545,
20210930,NA,46,7.5,fed,B,2,2,1,20,1380,78,1065,33,41818.18182,2363.636364,32272.72727,
20210930,NA,46,7.5,fed,B,2,2,1,30,1325,62,945,33,40151.51515,1878.787879,28636.36364,
20210930,NA,46,7.5,fed,B,2,2,1,60,1117,62,829,33,33848.48485,1878.787879,25121.21212,
20210930,NA,15,7.5,unfed,B,2,1,1,0,1374,119,904,33,41636.36364,3606.060606,27393.93939,
20210930,NA,15,7.5,unfed,B,2,1,1,10,1287,69,756,33,39000,2090.909091,22909.09091,
20210930,NA,15,7.5,unfed,B,2,1,1,20,1446,83,861,33,43818.18182,2515.151515,26090.90909,
20210930,NA,15,7.5,unfed,B,2,1,1,30,1330,75,807,33,40303.0303,2272.727273,24454.54545,
20210930,NA,15,7.5,unfed,B,2,1,1,50,1403,87,778,33,42515.15152,2636.363636,23575.75758,
20210930,NA,15,7.5,unfed,B,2,1,1,60,1348,76,897,33,40848.48485,2303.030303,27181.81818,
20210930,NA,31,7.5,unfed,B,1,2,1,0,1266,89,936,33,38363.63636,2696.969697,28363.63636,
20210930,NA,31,7.5,unfed,B,1,2,1,10,1517,123,1944,33,45969.69697,3727.272727,58909.09091,*
20210930,NA,31,7.5,unfed,B,1,2,1,20,1079,63,1232,33,32696.9697,1909.090909,37333.33333,
20210930,NA,31,7.5,unfed,B,1,2,1,30,1013,61,868,33,30696.9697,1848.484848,26303.0303,
20210930,NA,31,7.5,unfed,B,1,2,1,60,925,72,1467,33,28030.30303,2181.818182,44454.54545,*
20210930,NA,9,7.5,fed,B,4,1,2,0,"1,570",97,"1,135",33,47575.75758,2939.393939,34393.93939,
20210930,NA,9,7.5,fed,B,4,1,2,20,"1,100",53,923,33,33333.33333,1606.060606,27969.69697,
20210930,NA,9,7.5,fed,B,4,1,2,40,808,59,792,33,24484.84848,1787.878788,24000,
20210930,NA,9,7.5,fed,B,4,1,2,50,315,19,"1,047",33,9545.454545,575.7575758,31727.27273,
20210930,NA,9,7.5,fed,B,4,1,2,60,"1,366",68,"3,514",33,41393.93939,2060.606061,106484.8485,*
20210930,NA,33,7.5,fed,B,5,2,2,0,"1,445",102,"1,066",33,43787.87879,3090.909091,32303.0303,
20210930,NA,33,7.5,fed,B,5,2,2,20,"1,172",54,860,33,35515.15152,1636.363636,26060.60606,
20210930,NA,33,7.5,fed,B,5,2,2,40,860,42,642,33,26060.60606,1272.727273,19454.54545,
20210930,NA,33,7.5,fed,B,5,2,2,60,649,20,"1,839",33,19666.66667,606.0606061,55727.27273,*
20210930,NA,15,7.5,unfed,B,4,1,2,0,"1,073",67,715,33,32515.15152,2030.30303,21666.66667,
20210930,NA,15,7.5,unfed,B,4,1,2,10,"1,250",64,953,33,37878.78788,1939.393939,28878.78788,
20210930,NA,15,7.5,unfed,B,4,1,2,20,"1,341",51,"1,424",33,40636.36364,1545.454545,43151.51515,*
20210930,NA,15,7.5,unfed,B,4,1,2,40,"1,274",92,887,33,38606.06061,2787.878788,26878.78788,
20210930,NA,15,7.5,unfed,B,4,1,2,60,"1,220",36,"1,762",33,36969.69697,1090.909091,53393.93939,*
20210930,NA,20,7.5,unfed,B,5,2,2,0,"1,329",87,"1,038",33,40272.72727,2636.363636,31454.54545,
20210930,NA,20,7.5,unfed,B,5,2,2,20,"1,367",73,"1,009",33,41424.24242,2212.121212,30575.75758,
20210930,NA,20,7.5,unfed,B,5,2,2,30,"1,424",81,"2,065",33,43151.51515,2454.545455,62575.75758,*
20210930,NA,20,7.5,unfed,B,5,2,2,40,"1,221",80,890,33,37000,2424.242424,26969.69697,
20210930,NA,20,7.5,unfed,B,5,2,2,50,"1,425",64,989,33,43181.81818,1939.393939,29969.69697,
20210930,NA,20,7.5,unfed,B,5,2,2,60,"1,372",61,"2,252",33,41575.75758,1848.484848,68242.42424,*
20210930,NA,16,8,fed,B,3,1,1,0,1359,103,780,33,41181.81818,3121.212121,23636.36364,
20210930,NA,16,8,fed,B,3,1,1,10,1210,65,835,33,36666.66667,1969.69697,25303.0303,
20210930,NA,16,8,fed,B,3,1,1,20,667,56,493,33,20212.12121,1696.969697,14939.39394,
20210930,NA,16,8,fed,B,3,1,1,30,558,39,634,33,16909.09091,1181.818182,19212.12121,
20210930,NA,16,8,fed,B,3,1,1,60,167,18,1182,33,5060.606061,545.4545455,35818.18182,*
20210930,NA,28,8,fed,B,1,2,1,0,1344,99,890,33,40727.27273,3000,26969.69697,
20210930,NA,28,8,fed,B,1,2,1,10,1402,77,1819,33,42484.84848,2333.333333,55121.21212,
20210930,NA,28,8,fed,B,1,2,1,20,1350,74,1826,33,40909.09091,2242.424242,55333.33333,
20210930,NA,28,8,fed,B,1,2,1,30,1151,63,1964,33,34878.78788,1909.090909,59515.15152,
20210930,NA,28,8,fed,B,1,2,1,50,1152,81,2821,33,34909.09091,2454.545455,85484.84848,*
20210930,NA,28,8,fed,B,1,2,1,60,1255,81,1276,33,38030.30303,2454.545455,38666.66667,
20210930,NA,42,8,fed,B,2,2,1,0,1091,66,690,33,33060.60606,2000,20909.09091,
20210930,NA,42,8,fed,B,2,2,1,10,704,30,585,33,21333.33333,909.0909091,17727.27273,
20210930,NA,42,8,fed,B,2,2,1,20,377,20,424,33,11424.24242,606.0606061,12848.48485,
20210930,NA,42,8,fed,B,2,2,1,30,224,14,1397,33,6787.878788,424.2424242,42333.33333,*
20210930,NA,42,8,fed,B,2,2,1,60,249,29,2243,33,7545.454545,878.7878788,67969.69697,*
20210930,NA,7,8,unfed,B,3,1,1,0,1323,107,871,33,40090.90909,3242.424242,26393.93939,
20210930,NA,7,8,unfed,B,3,1,1,10,1312,69,856,33,39757.57576,2090.909091,25939.39394,
20210930,NA,7,8,unfed,B,3,1,1,20,1362,66,949,33,41272.72727,2000,28757.57576,
20210930,NA,7,8,unfed,B,3,1,1,30,1036,72,884,33,31393.93939,2181.818182,26787.87879,
20210930,NA,7,8,unfed,B,3,1,1,60,769,55,852,33,23303.0303,1666.666667,25818.18182,
20210930,NA,11,8,unfed,B,3,1,1,0,1321,116,886,33,40030.30303,3515.151515,26848.48485,
20210930,NA,11,8,unfed,B,3,1,1,10,1381,89,867,33,41848.48485,2696.969697,26272.72727,
20210930,NA,11,8,unfed,B,3,1,1,20,1414,82,956,33,42848.48485,2484.848485,28969.69697,
20210930,NA,11,8,unfed,B,3,1,1,30,1229,66,982,33,37242.42424,2000,29757.57576,
20210930,NA,11,8,unfed,B,3,1,1,60,977,78,771,33,29606.06061,2363.636364,23363.63636,
20210930,NA,22,8,unfed,B,2,1,1,0,1326,86,869,33,40181.81818,2606.060606,26333.33333,
20210930,NA,22,8,unfed,B,2,1,1,10,1272,90,801,33,38545.45455,2727.272727,24272.72727,
20210930,NA,22,8,unfed,B,2,1,1,20,1270,68,891,33,38484.84848,2060.606061,27000,
20210930,NA,22,8,unfed,B,2,1,1,30,1147,46,866,33,34757.57576,1393.939394,26242.42424,
20210930,NA,22,8,unfed,B,2,1,1,60,1158,51,829,33,35090.90909,1545.454545,25121.21212,
20210930,NA,41,8,unfed,B,1,2,1,0,1485,116,875,33,45000,3515.151515,26515.15152,
20210930,NA,41,8,unfed,B,1,2,1,10,1153,75,1030,33,34939.39394,2272.727273,31212.12121,
20210930,NA,41,8,unfed,B,1,2,1,20,600,30,668,33,18181.81818,909.0909091,20242.42424,
20210930,NA,41,8,unfed,B,1,2,1,30,1035,62,1030,33,31363.63636,1878.787879,31212.12121,*
20210930,NA,41,8,unfed,B,1,2,1,50,447,33,773,33,13545.45455,1000,23424.24242,
20210930,NA,41,8,unfed,B,1,2,1,60,536,24,1939,33,16242.42424,727.2727273,58757.57576,*
20210930,NA,26,8,fed,B,4,2,2,0,"1,764",107,"1,422",33,53454.54545,3242.424242,43090.90909,
20210930,NA,26,8,fed,B,4,2,2,20,968,57,"1,228",33,29333.33333,1727.272727,37212.12121,
20210930,NA,26,8,fed,B,4,2,2,40,595,49,739,33,18030.30303,1484.848485,22393.93939,
20210930,NA,26,8,fed,B,4,2,2,60,386,26,"1,063",33,11696.9697,787.8787879,32212.12121,
20210930,NA,34,8,fed,B,5,2,2,0,"1,380",81,"1,077",33,41818.18182,2454.545455,32636.36364,
20210930,NA,34,8,fed,B,5,2,2,20,884,30,664,33,26787.87879,909.0909091,20121.21212,
20210930,NA,34,8,fed,B,5,2,2,40,617,48,544,33,18696.9697,1454.545455,16484.84848,
20210930,NA,34,8,fed,B,5,2,2,60,616,20,"1,756",33,18666.66667,606.0606061,53212.12121,*
20210930,NA,6,8,unfed,B,5,1,2,0,"1,375",93,890,33,41666.66667,2818.181818,26969.69697,
20210930,NA,6,8,unfed,B,5,1,2,20,"1,660",71,"2,430",33,50303.0303,2151.515152,73636.36364,*
20210930,NA,6,8,unfed,B,5,1,2,30,"1,134",47,897,33,34363.63636,1424.242424,27181.81818,
20210930,NA,6,8,unfed,B,5,1,2,40,"1,148",89,"1,083",33,34787.87879,2696.969697,32818.18182,
20210930,NA,6,8,unfed,B,5,1,2,60,"1,003",41,"1,093",33,30393.93939,1242.424242,33121.21212,
20210930,NA,12,8,unfed,B,4,1,2,0,"1,466",86,"1,329",33,44424.24242,2606.060606,40272.72727,
20210930,NA,12,8,unfed,B,4,1,2,20,"1,141",41,"1,155",33,34575.75758,1242.424242,35000,
20210930,NA,12,8,unfed,B,4,1,2,40,"1,054",89,"1,160",33,31939.39394,2696.969697,35151.51515,
20210930,NA,12,8,unfed,B,4,1,2,60,"1,204",35,"3,080",33,36484.84848,1060.606061,93333.33333,*
20211026,A05 R1 S6 7.5B T0,7.5B,7.5,fed,B,1,NA,1,0,"1,156",218,"3,345",33,35030.30303,6606.060606,101363.6364,
20211026,B05 R1 7.5B T15,7.5B,7.5,fed,B,1,NA,1,15,"1,062",103,"3,010",33,32181.81818,3121.212121,91212.12121,
20211026,C05 R1 7.5B T30,7.5B,7.5,fed,B,1,NA,1,30,"1,075",68,"4,361",33,32575.75758,2060.606061,132151.5152,
20211026,D05 R1 7.5B T45,7.5B,7.5,fed,B,1,NA,1,45,903,56,"2,488",33,27363.63636,1696.969697,75393.93939,
20211026,E05 R1 7.5B T60,7.5B,7.5,fed,B,1,NA,1,60,786,52,"2,288",33,23818.18182,1575.757576,69333.33333,
20211026,A02 R1 S2 8.0B T0,8B,8,fed,B,1,NA,1,0,"1,129",238,"2,661",33,34212.12121,7212.121212,80636.36364,
20211026,B02 R1 S2 8.0B T15,8B,8,fed,B,1,NA,1,15,949,79,"2,323",33,28757.57576,2393.939394,70393.93939,
20211026,C02 R1 8.0B T30,8B,8,fed,B,1,NA,1,30,75,3,740,33,2272.727273,90.90909091,22424.24242,
20211026,D02 R1 8.0B T45,8B,8,fed,B,1,NA,1,45,353,14,"1,623",33,10696.9697,424.2424242,49181.81818,
20211026,E02 R1 8.0B T60,8B,8,fed,B,1,NA,1,60,509,28,"1,294",33,15424.24242,848.4848485,39212.12121,
20211026,A12 R2 7.5B T0,7.5B,7.5,fed,B,2,NA,2,0,"1,351",24,"9,750",50,27020,480,195000,
20211026,B12 R2 7.5B T15,7.5B,7.5,fed,B,2,NA,2,15,707,18,"4,667",51,13862.7451,352.9411765,91509.80392,
20211026,C12 R2 7.5B T30,7.5B,7.5,fed,B,2,NA,2,30,36,0,454,50,720,0,9080,
20211026,D12 R2 7.5B T45,7.5B,7.5,fed,B,2,NA,2,45,2,0,260,50,40,0,5200,
20211026,E12 R2 7.5B T60,7.5B,7.5,fed,B,2,NA,2,60,1,0,293,50,20,0,5860,
20211026,A09 R2 8.0B T0,8.0B,8,fed,B,2,NA,2,0,"1,421",32,"9,158",50,28420,640,183160,
20211026,B09 R2 8.0B T15,8.0B,8,fed,B,2,NA,2,15,111,1,853,50,2220,20,17060,
20211026,C09 R2 8.0B T30,8.0B,8,fed,B,2,NA,2,30,2,0,304,50,40,0,6080,
20211026,D09 R2 8.0B T45,8.0B,8,fed,B,2,NA,2,45,19,0,"3,220",50,380,0,64400,
20211026,E09 R2 8.0B T60,8.0B,8,fed,B,2,NA,2,60,1,0,156,50,20,0,3120,
20211026,A06 R3 S6 T0,7.5b,7.5,fed,B,3,NA,3,0,"1,263",275,"4,801",33,38272.72727,8333.333333,145484.8485,
20211026,B06 R3 S6 T15,7.5b,7.5,fed,B,3,NA,3,15,108,15,629,33,3272.727273,454.5454545,19060.60606,
20211026,C06 R3 S6 T30,7.5b,7.5,fed,B,3,NA,3,30,10,0,187,33,303.030303,0,5666.666667,
20211026,D06 R3 S6 T45,7.5b,7.5,fed,B,3,NA,3,45,16,1,145,33,484.8484848,30.3030303,4393.939394,
20211026,E06 R3 S6 T60,7.5b,7.5,fed,B,3,NA,3,60,12,0,233,33,363.6363636,0,7060.606061,
20211026,4,8.0B,8,unfed,B,1,NA,1_B,0,"1,166",223,"3,773",33,35333.33333,6757.575758,114333.3333,
20211026,4,8.0B,8,unfed,B,1,NA,1_B,15,"1,163",105,"3,502",33,35242.42424,3181.818182,106121.2121,
20211026,4,8.0B,8,unfed,B,1,NA,1_B,30,"1,003",92,"2,994",33,30393.93939,2787.878788,90727.27273,
20211026,4,8.0B,8,unfed,B,1,NA,1_B,45,969,49,"3,443",33,29363.63636,1484.848485,104333.3333,
20211026,4,8.0B,8,unfed,B,1,NA,1_B,60,953,73,"3,090",33,28878.78788,2212.121212,93636.36364,
20211026,5,7.5B,7.5,unfed,B,1,NA,1_B,0,"1,179",233,"3,674",33,35727.27273,7060.606061,111333.3333,
20211026,5,7.5B,7.5,unfed,B,1,NA,1_B,15,"1,042",98,"3,255",33,31575.75758,2969.69697,98636.36364,
20211026,5,7.5B,7.5,unfed,B,1,NA,1_B,30,991,101,"2,632",33,30030.30303,3060.606061,79757.57576,
20211026,5,7.5B,7.5,unfed,B,1,NA,1_B,45,866,58,"2,854",33,26242.42424,1757.575758,86484.84848,
20211026,5,7.5B,7.5,unfed,B,1,NA,1_B,60,610,60,"2,230",33,18484.84848,1818.181818,67575.75758,
20211026,11,7.5B,7.5,unfed,B,2,NA,1_B,0,976,215,"2,237",33,29575.75758,6515.151515,67787.87879,
20211026,11,7.5B,7.5,unfed,B,2,NA,1_B,15,909,113,"3,208",33,27545.45455,3424.242424,97212.12121,
20211026,11,7.5B,7.5,unfed,B,2,NA,1_B,30,950,77,"2,632",33,28787.87879,2333.333333,79757.57576,
20211026,11,7.5B,7.5,unfed,B,2,NA,1_B,45,781,42,"1,910",33,23666.66667,1272.727273,57878.78788,
20211026,11,7.5B,7.5,unfed,B,2,NA,1_B,60,823,51,"2,312",33,24939.39394,1545.454545,70060.60606,
20211026,12,8.0B,8,unfed,B,2,NA,1_B,0,"1,064",259,"2,453",33,32242.42424,7848.484848,74333.33333,
20211026,12,8.0B,8,unfed,B,2,NA,1_B,15,"1,045",99,"3,374",33,31666.66667,3000,102242.4242,
20211026,12,8.0B,8,unfed,B,2,NA,1_B,30,990,76,"2,692",33,30000,2303.030303,81575.75758,
20211026,12,8.0B,8,unfed,B,2,NA,1_B,45,935,67,"2,725",33,28333.33333,2030.30303,82575.75758,
20211026,12,8.0B,8,unfed,B,2,NA,1_B,60,921,63,"2,746",33,27909.09091,1909.090909,83212.12121,
20211026,20,7.5B,7.5,unfed,B,3,NA,1_B,0,1103,228,3628,33,33424.24242,6909.090909,109939.3939,
20211026,20,7.5B,7.5,unfed,B,3,NA,1_B,15,914,96,2628,33,27696.9697,2909.090909,79636.36364,
20211026,20,7.5B,7.5,unfed,B,3,NA,1_B,30,882,74,2685,33,26727.27273,2242.424242,81363.63636,
20211026,20,7.5B,7.5,unfed,B,3,NA,1_B,45,605,50,"1,637",33,18333.33333,1515.151515,49606.06061,
20211026,20,7.5B,7.5,unfed,B,3,NA,1_B,60,896,47,"2,752",33,27151.51515,1424.242424,83393.93939,
20210914,NA,8.0B,8,fed,B ,2,NA,2,0,1284,105,732,33,38909.09091,3181.818182,22181.81818,
20210914,NA,8.0C,8,fed,C,1,NA,1,0,1275,73,764,33,38636.36364,2212.121212,23151.51515,
20210914,NA,8.0C,8,fed,C,1,NA,1,10,1229,56,788,33,37242.42424,1696.969697,23878.78788,
20210914,NA,8.0C,8,fed,C,1,NA,1,27,1296,60,759,33,39272.72727,1818.181818,23000,
20210914,NA,8.0C,8,fed,C,1,NA,1,47,1024,46,668,33,31030.30303,1393.939394,20242.42424,
20210914,NA,8.0C,8,fed,C,1,NA,1,57,927,31,595,33,28090.90909,939.3939394,18030.30303,
20210914,NA,8.0C,8,fed,C,1,NA,1,70,882,44,534,33,26727.27273,1333.333333,16181.81818,
20210914,NA,8.0C,8,fed,C,1,NA,1,90,1011,101,628,33,30636.36364,3060.606061,19030.30303,
20210914,NA,7.5C,7.5,fed,C,1,NA,1,0,1296,61,780,33,39272.72727,1848.484848,23636.36364,
20210914,NA,7.5C,7.5,fed,C,1,NA,1,10,1160,45,690,33,35151.51515,1363.636364,20909.09091,
20210914,NA,7.5C,7.5,fed,C,1,NA,1,27,982,171,608,33,29757.57576,5181.818182,18424.24242,
20210914,NA,7.5C,7.5,fed,C,1,NA,1,47,858,32,589,33,26000,969.6969697,17848.48485,
20210914,NA,7.5C,7.5,fed,C,1,NA,1,57,676,40,547,33,20484.84848,1212.121212,16575.75758,
20210914,NA,7.5C,7.5,fed,C,1,NA,1,70,855,30,522,33,25909.09091,909.0909091,15818.18182,
20210914,NA,7.5C,7.5,fed,C,1,NA,1,90,475,16,467,33,14393.93939,484.8484848,14151.51515,
20210914,NA,8C,8,fed,C,2,NA,3,0,1204,72,698,33,36484.84848,2181.818182,21151.51515,
20210914,NA,8C,8,fed,C,2,NA,3,15,1106,69,668,33,33515.15152,2090.909091,20242.42424,
20210914,NA,8c,8,fed,C,2,NA,3,30,937,44,552,33,28393.93939,1333.333333,16727.27273,
20210914,NA,8C,8,fed,C,2,NA,3,45,946,62,552,33,28666.66667,1878.787879,16727.27273,
20210914,NA,8C,8,fed,C,2,NA,3,60,849,96,577,33,25727.27273,2909.090909,17484.84848,
20210914,NA,8C,8,fed,C,2,NA,3,75,934,71,582,33,28303.0303,2151.515152,17636.36364,
20210914,NA,8C,8,fed,C,2,NA,3,90,795,36,527,33,24090.90909,1090.909091,15969.69697,
20210914,NA,7.5C,7.5,fed,C,2,NA,3,0,1026,59,673,33,31090.90909,1787.878788,20393.93939,
20210914,NA,7.5C,7.5,fed,C,2,NA,3,15,926,40,589,33,28060.60606,1212.121212,17848.48485,
20210914,NA,7.5C,7.5,fed,C,2,NA,3,30,1031,68,701,33,31242.42424,2060.606061,21242.42424,
20210914,NA,7.5C,7.5,fed,C,2,NA,3,45,1043,115,724,33,31606.06061,3484.848485,21939.39394,
20210914,NA,7.5C,7.5,fed,C,2,NA,3,60,496,136,325,33,15030.30303,4121.212121,9848.484848,
20210914,NA,7.5C,7.5,fed,C,2,NA,3,75,712,130,605,33,21575.75758,3939.393939,18333.33333,
20210914,NA,7.5C,7.5,fed,C,2,NA,3,90,1198,84,645,33,36303.0303,2545.454545,19545.45455,
20210914,NA,8.0C,8,fed,C,3,NA,4,0,1278,75,791,33,38727.27273,2272.727273,23969.69697,
20210914,NA,8.0C,8,fed,C,3,NA,4,15,1236,82,652,33,37454.54545,2484.848485,19757.57576,
20210914,NA,8.0C,8,fed,C,3,NA,4,30,1257,200,922,33,38090.90909,6060.606061,27939.39394,
20210914,NA,8.0C,8,fed,C,3,NA,4,45,1176,108,749,33,35636.36364,3272.727273,22696.9697,
20210914,NA,8.0C,8,fed,C,3,NA,4,60,1237,59,702,33,37484.84848,1787.878788,21272.72727,
20210914,NA,8.0C,8,fed,C,3,NA,4,75,1218,50,683,33,36909.09091,1515.151515,20696.9697,
20210914,NA,8.0C,8,fed,C,3,NA,4,90,1142,37,777,33,34606.06061,1121.212121,23545.45455,
20210914,NA,7.5C,7.5,fed,C,3,NA,4,0,1205,109,694,33,36515.15152,3303.030303,21030.30303,
20210914,NA,7.5C,7.5,fed,C,3,NA,4,15,1253,150,1043,33,37969.69697,4545.454545,31606.06061,
20210914,NA,7.5C,7.5,fed,C,3,NA,4,30,1130,174,816,33,34242.42424,5272.727273,24727.27273,
20210914,NA,7.5C,7.5,fed,C,3,NA,4,45,1026,87,659,33,31090.90909,2636.363636,19969.69697,
20210914,NA,7.5C,7.5,fed,C,3,NA,4,60,1044,51,678,33,31636.36364,1545.454545,20545.45455,
20210914,NA,7.5C,7.5,fed,C,3,NA,4,75,1013,35,509,33,30696.9697,1060.606061,15424.24242,
20210914,NA,7.5C,7.5,fed,C,3,NA,4,90,911,20,480,33,27606.06061,606.0606061,14545.45455,
20210930,NA,17,7.5,fed,C,3,1,1,0,1280,101,824,33,38787.87879,3060.606061,24969.69697,
20210930,NA,17,7.5,fed,C,3,1,1,10,1328,75,793,33,40242.42424,2272.727273,24030.30303,
20210930,NA,17,7.5,fed,C,3,1,1,20,1328,90,940,33,40242.42424,2727.272727,28484.84848,
20210930,NA,17,7.5,fed,C,3,1,1,30,1356,77,798,33,41090.90909,2333.333333,24181.81818,
20210930,NA,17,7.5,fed,C,3,1,1,60,1247,60,886,33,37787.87879,1818.181818,26848.48485,
20210930,NA,37,7.5,fed,C,1,2,1,0,1434,99,920,33,43454.54545,3000,27878.78788,
20210930,NA,37,7.5,fed,C,1,2,1,10,1247,86,933,33,37787.87879,2606.060606,28272.72727,
20210930,NA,37,7.5,fed,C,1,2,1,20,1290,83,1466,33,39090.90909,2515.151515,44424.24242,*
20210930,NA,37,7.5,fed,C,1,2,1,30,1183,85,899,33,35848.48485,2575.757576,27242.42424,
20210930,NA,37,7.5,fed,C,1,2,1,60,1127,65,1035,33,34151.51515,1969.69697,31363.63636,
20210930,NA,39,7.5,fed,C,2,2,1,0,1324,88,981,33,40121.21212,2666.666667,29727.27273,
20210930,NA,39,7.5,fed,C,2,2,1,10,1120,109,977,33,33939.39394,3303.030303,29606.06061,
20210930,NA,39,7.5,fed,C,2,2,1,20,1162,55,1271,33,35212.12121,1666.666667,38515.15152,
20210930,NA,39,7.5,fed,C,2,2,1,30,732,41,685,33,22181.81818,1242.424242,20757.57576,
20210930,NA,39,7.5,fed,C,2,2,1,60,913,78,1342,33,27666.66667,2363.636364,40666.66667,*
20210930,NA,21,7.5,unfed,C,2,1,1,0,1233,142,804,33,37363.63636,4303.030303,24363.63636,
20210930,NA,21,7.5,unfed,C,2,1,1,10,1351,98,841,33,40939.39394,2969.69697,25484.84848,
20210930,NA,21,7.5,unfed,C,2,1,1,20,1328,73,874,33,40242.42424,2212.121212,26484.84848,
20210930,NA,21,7.5,unfed,C,2,1,1,30,1179,65,900,33,35727.27273,1969.69697,27272.72727,
20210930,NA,21,7.5,unfed,C,2,1,1,60,1052,72,729,33,31878.78788,2181.818182,22090.90909,
20210930,NA,34,7.5,unfed,C,1,2,1,0,1403,78,836,33,42515.15152,2363.636364,25333.33333,
20210930,NA,34,7.5,unfed,C,1,2,1,10,1352,85,951,33,40969.69697,2575.757576,28818.18182,
20210930,NA,34,7.5,unfed,C,1,2,1,20,1256,81,929,33,38060.60606,2454.545455,28151.51515,
20210930,NA,34,7.5,unfed,C,1,2,1,30,1478,89,1433,33,44787.87879,2696.969697,43424.24242,
20210930,NA,34,7.5,unfed,C,1,2,1,50,1534,73,1557,33,46484.84848,2212.121212,47181.81818,
20210930,NA,34,7.5,unfed,C,1,2,1,60,1146,59,1057,33,34727.27273,1787.878788,32030.30303,
20210930,NA,3,7.5,fed,C,4,1,2,0,"1,379",117,951,33,41787.87879,3545.454545,28818.18182,
20210930,NA,3,7.5,fed,C,4,1,2,20,362,19,"1,338",33,10969.69697,575.7575758,40545.45455,
20210930,NA,3,7.5,fed,C,4,1,2,40,103,13,176,33,3121.212121,393.9393939,5333.333333,
20210930,NA,3,7.5,fed,C,4,1,2,50,8,2,58,33,242.4242424,60.60606061,1757.575758,
20210930,NA,3,7.5,fed,C,4,1,2,60,233,13,656,33,7060.606061,393.9393939,19878.78788,
20210930,NA,31,7.5,fed,C,5,2,2,0,"1,591",103,"1,230",33,48212.12121,3121.212121,37272.72727,
20210930,NA,31,7.5,fed,C,5,2,2,20,"1,477",56,"1,036",33,44757.57576,1696.969697,31393.93939,
20210930,NA,31,7.5,fed,C,5,2,2,40,"1,238",88,959,33,37515.15152,2666.666667,29060.60606,
20210930,NA,31,7.5,fed,C,5,2,2,60,"1,167",63,"1,802",33,35363.63636,1909.090909,54606.06061,*
20210930,NA,10,7.5,unfed,C,5,1,2,0,"1,080",96,887,33,32727.27273,2909.090909,26878.78788,
20210930,NA,10,7.5,unfed,C,5,1,2,10,"1,414",47,"1,357",33,42848.48485,1424.242424,41121.21212,
20210930,NA,10,7.5,unfed,C,5,1,2,20,"1,448",48,"1,333",33,43878.78788,1454.545455,40393.93939,
20210930,NA,10,7.5,unfed,C,5,1,2,40,"1,345",92,904,33,40757.57576,2787.878788,27393.93939,
20210930,NA,10,7.5,unfed,C,5,1,2,60,"1,094",46,753,33,33151.51515,1393.939394,22818.18182,
20210930,NA,21,7.5,unfed,C,4,2,2,0,"1,250",86,939,33,37878.78788,2606.060606,28454.54545,
20210930,NA,21,7.5,unfed,C,4,2,2,20,"1,318",75,"1,013",33,39939.39394,2272.727273,30696.9697,
20210930,NA,21,7.5,unfed,C,4,2,2,40,"1,240",77,"1,001",33,37575.75758,2333.333333,30333.33333,
20210930,NA,21,7.5,unfed,C,4,2,2,50,"1,253",67,816,33,37969.69697,2030.30303,24727.27273,
20210930,NA,21,7.5,unfed,C,4,2,2,60,"1,394",58,"1,894",33,42242.42424,1757.575758,57393.93939,*
20210930,NA,2,8,fed,C,3,1,1,0,1393,97,1357,33,42212.12121,2939.393939,41121.21212,
20210930,NA,2,8,fed,C,3,1,1,10,1224,97,808,33,37090.90909,2939.393939,24484.84848,
20210930,NA,2,8,fed,C,3,1,1,20,1112,91,917,33,33696.9697,2757.575758,27787.87879,
20210930,NA,2,8,fed,C,3,1,1,30,811,30,935,33,24575.75758,909.0909091,28333.33333,
20210930,NA,2,8,fed,C,3,1,1,60,621,29,542,33,18818.18182,878.7878788,16424.24242,
20210930,NA,36,8,fed,C,1,2,1,0,1307,94,824,33,39606.06061,2848.484848,24969.69697,
20210930,NA,36,8,fed,C,1,2,1,10,1321,77,1149,33,40030.30303,2333.333333,34818.18182,
20210930,NA,36,8,fed,C,1,2,1,20,1135,66,1002,33,34393.93939,2000,30363.63636,
20210930,NA,36,8,fed,C,1,2,1,30,1193,56,1252,33,36151.51515,1696.969697,37939.39394,
20210930,NA,36,8,fed,C,1,2,1,60,996,79,1024,33,30181.81818,2393.939394,31030.30303,
20210930,NA,48,8,fed,C,2,2,1,0,1503,124,901,33,45545.45455,3757.575758,27303.0303,
20210930,NA,48,8,fed,C,2,2,1,10,1368,74,1026,33,41454.54545,2242.424242,31090.90909,
20210930,NA,48,8,fed,C,2,2,1,20,1327,77,1139,33,40212.12121,2333.333333,34515.15152,
20210930,NA,48,8,fed,C,2,2,1,30,1413,70,1333,33,42818.18182,2121.212121,40393.93939,
20210930,NA,48,8,fed,C,2,2,1,60,1254,74,1163,33,38000,2242.424242,35242.42424,
20210930,NA,12,8,unfed,C,2,1,1,0,1262,102,807,33,38242.42424,3090.909091,24454.54545,
20210930,NA,12,8,unfed,C,2,1,1,10,1385,80,952,33,41969.69697,2424.242424,28848.48485,
20210930,NA,12,8,unfed,C,2,1,1,20,1357,80,948,33,41121.21212,2424.242424,28727.27273,
20210930,NA,12,8,unfed,C,2,1,1,30,1238,80,881,33,37515.15152,2424.242424,26696.9697,
20210930,NA,12,8,unfed,C,2,1,1,60,1127,62,1048,33,34151.51515,1878.787879,31757.57576,*
20210930,NA,38,8,unfed,C,1,2,1,0,1534,107,1064,33,46484.84848,3242.424242,32242.42424,
20210930,NA,38,8,unfed,C,1,2,1,10,1433,90,1230,33,43424.24242,2727.272727,37272.72727,
20210930,NA,38,8,unfed,C,1,2,1,20,1398,78,1191,33,42363.63636,2363.636364,36090.90909,
20210930,NA,38,8,unfed,C,1,2,1,30,1372,82,1134,33,41575.75758,2484.848485,34363.63636,
20210930,NA,38,8,unfed,C,1,2,1,60,1309,75,1591,33,39666.66667,2272.727273,48212.12121,*
20210930,NA,2,8,fed,C,4,1,2,0,"1,303",97,924,33,39484.84848,2939.393939,28000,
20210930,NA,2,8,fed,C,4,1,2,20,"1,258",43,"1,341",33,38121.21212,1303.030303,40636.36364,
20210930,NA,2,8,fed,C,4,1,2,40,"1,046",67,937,33,31696.9697,2030.30303,28393.93939,
20210930,NA,2,8,fed,C,4,1,2,50,"1,009",33,"1,170",33,30575.75758,1000,35454.54545,
20210930,NA,2,8,fed,C,4,1,2,60,"1,192",65,"1,537",33,36121.21212,1969.69697,46575.75758,
20210930,NA,13,8,fed,C,5,1,2,0,"1,139",99,797,33,34515.15152,3000,24151.51515,
20210930,NA,13,8,fed,C,5,1,2,20,"1,345",45,"1,311",33,40757.57576,1363.636364,39727.27273,
20210930,NA,13,8,fed,C,5,1,2,30,"1,369",50,"1,686",33,41484.84848,1515.151515,51090.90909,
20210930,NA,13,8,fed,C,5,1,2,40,"1,240",68,893,33,37575.75758,2060.606061,27060.60606,
20210930,NA,13,8,fed,C,5,1,2,60,"1,120",48,"1,403",33,33939.39394,1454.545455,42515.15152,
20210930,NA,14,8,unfed,C,4,1,2,0,"1,228",77,"1,065",33,37212.12121,2333.333333,32272.72727,
20210930,NA,14,8,unfed,C,4,1,2,20,"1,099",37,"1,159",33,33303.0303,1121.212121,35121.21212,
20210930,NA,14,8,unfed,C,4,1,2,30,"1,096",53,"1,607",33,33212.12121,1606.060606,48696.9697,
20210930,NA,14,8,unfed,C,4,1,2,40,"1,218",87,913,33,36909.09091,2636.363636,27666.66667,
20210930,NA,14,8,unfed,C,4,1,2,50,"1,107",54,713,33,33545.45455,1636.363636,21606.06061,
20210930,NA,14,8,unfed,C,4,1,2,60,"1,356",52,"2,477",33,41090.90909,1575.757576,75060.60606,*
20210930,NA,29,8,unfed,C,5,2,2,0,"1,497",80,997,33,45363.63636,2424.242424,30212.12121,
20210930,NA,29,8,unfed,C,5,2,2,20,"1,577",77,"1,267",33,47787.87879,2333.333333,38393.93939,
20210930,NA,29,8,unfed,C,5,2,2,40,"1,313",85,930,33,39787.87879,2575.757576,28181.81818,
20210930,NA,29,8,unfed,C,5,2,2,50,"1,341",58,"1,807",33,40636.36364,1757.575758,54757.57576,*
20210930,NA,29,8,unfed,C,5,2,2,60,"1,421",61,"1,798",33,43060.60606,1848.484848,54484.84848,*
20211026,A06 R1 S7 7.5C T0,7.5C,7.5,fed,C,1,NA,1,0,"1,115",208,"3,352",33,33787.87879,6303.030303,101575.7576,
20211026,B06 R1 7.5C T15,7.5C,7.5,fed,C,1,NA,1,15,"1,052",95,"6,448",33,31878.78788,2878.787879,195393.9394,
20211026,C06 R1 7.5C T30,7.5C,7.5,fed,C,1,NA,1,30,157,19,"1,343",33,4757.575758,575.7575758,40696.9697,
20211026,D06 R1 7.5C T45,7.5C,7.5,fed,C,1,NA,1,45,279,26,"1,439",33,8454.545455,787.8787879,43606.06061,
20211026,E06 R1 7.5C T60,7.5C,7.5,fed,C,1,NA,1,60,580,38,"1,780",33,17575.75758,1151.515152,53939.39394,
20211026,A03 R1 S3 8.0C T0,8C,8,fed,C,1,NA,1,0,"1,096",214,"2,616",33,33212.12121,6484.848485,79272.72727,
20211026,B03 R1 S3 8.0C T15,8C,8,fed,C,1,NA,1,15,531,47,"1,450",33,16090.90909,1424.242424,43939.39394,
20211026,C03 R1 8.0C T30,8C,8,fed,C,1,NA,1,30,29,6,458,33,878.7878788,181.8181818,13878.78788,
20211026,D03 R1 8.0C T45,8C,8,fed,C,1,NA,1,45,5,0,405,33,151.5151515,0,12272.72727,
20211026,E03 R1 8.0C T60,8C,8,fed,C,1,NA,1,60,13,0,118,33,393.9393939,0,3575.757576,
20211026,A01 R3 S1 T0,8.0C,8,fed,C,2,NA,3,0,"1,213",304,"5,124",33,36757.57576,9212.121212,155272.7273,
20211026,A04 R3 S4 T0,7.5C,7.5,fed,C,2,NA,3,0,"1,216",228,"6,246",33,36848.48485,6909.090909,189272.7273,
20211026,A07 R3 S7 T0,7.5c,7.5,fed,C,3,NA,3,0,"1,236",265,"4,848",33,37454.54545,8030.30303,146909.0909,
20211026,B01 R3 S1 T15,8.0C,8,fed,C,2,NA,3,15,24,1,389,33,727.2727273,30.3030303,11787.87879,
20211026,B04 R3 S4 T15,7.5C,7.5,fed,C,2,NA,3,15,183,10,750,33,5545.454545,303.030303,22727.27273,
20211026,B07 R3 S7 T15,7.5c,7.5,fed,C,3,NA,3,15,34,4,141,33,1030.30303,121.2121212,4272.727273,
20211026,C01 R3 S1 T30,8.0C,8,fed,C,2,NA,3,30,2,1,211,33,60.60606061,30.3030303,6393.939394,
20211026,C04 R3 S4 T30,7.5C,7.5,fed,C,2,NA,3,30,5,5,306,33,151.5151515,151.5151515,9272.727273,
20211026,C07 R3 S7 T30,7.5c,7.5,fed,C,3,NA,3,30,4,0,71,33,121.2121212,0,2151.515152,
20211026,D01 R3 S1 T45,8.0C,8,fed,C,2,NA,3,45,5,0,295,33,151.5151515,0,8939.393939,
20211026,D04 R3 S4 T45,7.5C,7.5,fed,C,2,NA,3,45,33,1,166,33,1000,30.3030303,5030.30303,
20211026,D07 R3 S7 T45,7.5c,7.5,fed,C,3,NA,3,45,30,7,93,33,909.0909091,212.1212121,2818.181818,
20211026,E01 R3 S1 T60,8.0C,8,fed,C,2,NA,3,60,1,0,223,33,30.3030303,0,6757.575758,
20211026,E04 R3 S4 T60,7.5C,7.5,fed,C,2,NA,3,60,2,3,216,33,60.60606061,90.90909091,6545.454545,
20211026,E07 R3 S7 T60,7.5c,7.5,fed,C,3,NA,3,60,10,6,135,33,303.030303,181.8181818,4090.909091,
20211026,8,8.0C,8,unfed,C,1,NA,1_B,0,"1,120",204,"2,937",33,33939.39394,6181.818182,89000,
20211026,8,8.0C,8,unfed,C,1,NA,1_B,15,995,79,"2,998",33,30151.51515,2393.939394,90848.48485,
20211026,8,8.0C,8,unfed,C,1,NA,1_B,30,"1,101",71,"3,922",33,33363.63636,2151.515152,118848.4848,
20211026,8,8.0C,8,unfed,C,1,NA,1_B,45,795,44,"2,438",33,24090.90909,1333.333333,73878.78788,
20211026,8,8.0C,8,unfed,C,1,NA,1_B,60,"1,001",52,"3,001",33,30333.33333,1575.757576,90939.39394,
20211026,9,7.5C,7.5,unfed,C,1,NA,1_B,0,"1,110",215,"3,554",33,33636.36364,6515.151515,107696.9697,
20211026,9,7.5C,7.5,unfed,C,1,NA,1_B,15,"1,161",107,"4,340",33,35181.81818,3242.424242,131515.1515,
20211026,9,7.5C,7.5,unfed,C,1,NA,1_B,30,"1,046",104,"3,707",33,31696.9697,3151.515152,112333.3333,
20211026,9,7.5C,7.5,unfed,C,1,NA,1_B,45,897,66,"2,901",33,27181.81818,2000,87909.09091,
20211026,9,7.5C,7.5,unfed,C,1,NA,1_B,60,948,47,"3,144",33,28727.27273,1424.242424,95272.72727,
20211026,18,8.0C,8,unfed,C,2,NA,1_B,0,910,177,"2,569",33,27575.75758,5363.636364,77848.48485,
20211026,18,8.0C,8,unfed,C,2,NA,1_B,15,843,80,"2,554",33,25545.45455,2424.242424,77393.93939,
20211026,18,8.0C,8,unfed,C,2,NA,1_B,30,717,49,"1,950",33,21727.27273,1484.848485,59090.90909,
20211026,18,8.0C,8,unfed,C,2,NA,1_B,45,723,31,"1,986",33,21909.09091,939.3939394,60181.81818,
20211026,18,8.0C,8,unfed,C,2,NA,1_B,60,761,19,"2,295",33,23060.60606,575.7575758,69545.45455,
20211026,19,7.5C,7.5,unfed,C,2,NA,1_B,0,"1,025",199,"3,127",33,31060.60606,6030.30303,94757.57576,
20211026,19,7.5C,7.5,unfed,C,2,NA,1_B,15,960,131,"2,752",33,29090.90909,3969.69697,83393.93939,
20211026,19,7.5C,7.5,unfed,C,2,NA,1_B,30,828,73,"2,526",33,25090.90909,2212.121212,76545.45455,
20211026,19,7.5C,7.5,unfed,C,2,NA,1_B,45,754,58,"2,229",33,22848.48485,1757.575758,67545.45455,
20211026,19,7.5C,7.5,unfed,C,2,NA,1_B,60,913,53,"2,979",33,27666.66667,1606.060606,90272.72727,
20210914,NA,8.0D,8,fed,D,1,NA,2,0,1236,73,856,33,37454.54545,2212.121212,25939.39394,
20210914,NA,8.0D,8,fed,D,1,NA,2,10,1219,89,709,33,36939.39394,2696.969697,21484.84848,
20210914,NA,8.0D,8,fed,D,1,NA,2,20,1176,79,879,33,35636.36364,2393.939394,26636.36364,
20210914,NA,8.0D,8,fed,D,1,NA,2,30,1186,92,822,33,35939.39394,2787.878788,24909.09091,
20210914,NA,8.0D,8,fed,D,1,NA,2,40,887,39,529,33,26878.78788,1181.818182,16030.30303,
20210914,NA,8.0D,8,fed,D,1,NA,2,50,831,30,499,33,25181.81818,909.0909091,15121.21212,
20210914,NA,8.0D,8,fed,D,1,NA,2,70,852,30,556,33,25818.18182,909.0909091,16848.48485,
20210914,NA,8.0D,8,fed,D,1,NA,2,90,596,31,364,33,18060.60606,939.3939394,11030.30303,
20210914,NA,7.5D,7.5,fed,D,1,NA,2,0,1274,214,724,33,38606.06061,6484.848485,21939.39394,
20210914,NA,7.5D,7.5,fed,D,1,NA,2,10,1263,55,706,33,38272.72727,1666.666667,21393.93939,
20210914,NA,7.5D,7.5,fed,D,1,NA,2,20,1115,43,575,33,33787.87879,1303.030303,17424.24242,
20210914,NA,7.5D,7.5,fed,D,1,NA,2,30,733,115,521,33,22212.12121,3484.848485,15787.87879,
20210914,NA,7.5D,7.5,fed,D,1,NA,2,40,633,57,940,33,19181.81818,1727.272727,28484.84848,
20210914,NA,7.5D,7.5,fed,D,1,NA,2,50,822,24,491,33,24909.09091,727.2727273,14878.78788,
20210914,NA,7.5D,7.5,fed,D,1,NA,2,70,579,24,363,33,17545.45455,727.2727273,11000,
20210914,NA,7.5D,7.5,fed,D,1,NA,2,90,505,31,369,33,15303.0303,939.3939394,11181.81818,
20210914,NA,8D,8,fed,D,2,NA,3,0,1252,88,626,33,37939.39394,2666.666667,18969.69697,
20210914,NA,8d,8,fed,D,2,NA,3,15,1015,45,548,33,30757.57576,1363.636364,16606.06061,
20210914,NA,8D,8,fed,D,2,NA,3,30,753,30,483,33,22818.18182,909.0909091,14636.36364,
20210914,NA,8D,8,fed,D,2,NA,3,45,386,34,298,33,11696.9697,1030.30303,9030.30303,
20210914,NA,8D,8,fed,D,2,NA,3,60,304,88,239,33,9212.121212,2666.666667,7242.424242,
20210914,NA,8D,8,fed,D,2,NA,3,75,379,214,713,33,11484.84848,6484.848485,21606.06061,
20210914,NA,8D,8,fed,D,2,NA,3,90,363,26,311,33,11000,787.8787879,9424.242424,
20210914,NA,7.5D,7.5,fed,D,2,NA,3,0,1169,47,881,33,35424.24242,1424.242424,26696.9697,
20210914,NA,7.5D,7.5,fed,D,2,NA,3,15,1449,40,736,33,43909.09091,1212.121212,22303.0303,
20210914,NA,7.5D,7.5,fed,D,2,NA,3,30,1017,45,538,33,30818.18182,1363.636364,16303.0303,
20210914,NA,7.5D,7.5,fed,D,2,NA,3,45,884,17,494,33,26787.87879,515.1515152,14969.69697,
20210914,NA,7.5D,7.5,fed,D,2,NA,3,60,836,45,405,33,25333.33333,1363.636364,12272.72727,
20210914,NA,7.5D,7.5,fed,D,2,NA,3,75,767,27,508,33,23242.42424,818.1818182,15393.93939,
20210914,NA,7.5D,7.5,fed,D,2,NA,3,90,574,21,332,33,17393.93939,636.3636364,10060.60606,
20210914,NA,8.0D,8,fed,D,3,NA,4,0,1273,85,804,33,38575.75758,2575.757576,24363.63636,
20210914,NA,8.0D,8,fed,D,3,NA,4,15,1144,114,1045,33,34666.66667,3454.545455,31666.66667,
20210914,NA,8.0D,8,fed,D,3,NA,4,30,854,30,508,33,25878.78788,909.0909091,15393.93939,
20210914,NA,8.0D,8,fed,D,3,NA,4,45,919,48,639,33,27848.48485,1454.545455,19363.63636,
20210914,NA,8.0D,8,fed,D,3,NA,4,60,652,31,483,33,19757.57576,939.3939394,14636.36364,
20210914,NA,8.0D,8,fed,D,3,NA,4,75,745,25,505,33,22575.75758,757.5757576,15303.0303,
20210914,NA,8.0D,8,fed,D,3,NA,4,90,734,27,450,33,22242.42424,818.1818182,13636.36364,
20210914,NA,7.5D,7.5,fed,D,3,NA,4,0,1252,104,842,33,37939.39394,3151.515152,25515.15152,
20210914,NA,7.5D,7.5,fed,D,3,NA,4,15,1203,195,825,33,36454.54545,5909.090909,25000,
20210914,NA,7.5D,7.5,fed,D,3,NA,4,30,1100,145,854,33,33333.33333,4393.939394,25878.78788,
20210914,NA,7.5D,7.5,fed,D,3,NA,4,45,1064,113,801,33,32242.42424,3424.242424,24272.72727,
20210914,NA,7.5D,7.5,fed,D,3,NA,4,60,1079,48,723,33,32696.9697,1454.545455,21909.09091,
20210914,NA,7.5D,7.5,fed,D,3,NA,4,75,1094,51,699,33,33151.51515,1545.454545,21181.81818,
20210914,NA,7.5D,7.5,fed,D,3,NA,4,90,976,35,693,33,29575.75758,1060.606061,21000,
20210930,NA,3,7.5,fed,D,3,1,1,0,1405,101,1053,33,42575.75758,3060.606061,31909.09091,
20210930,NA,3,7.5,fed,D,3,1,1,10,1066,66,648,33,32303.0303,2000,19636.36364,
20210930,NA,3,7.5,fed,D,3,1,1,20,937,53,619,33,28393.93939,1606.060606,18757.57576,
20210930,NA,3,7.5,fed,D,3,1,1,30,848,56,721,33,25696.9697,1696.969697,21848.48485,
20210930,NA,3,7.5,fed,D,3,1,1,60,130,12,184,33,3939.393939,363.6363636,5575.757576,
20210930,NA,9,7.5,fed,D,2,1,1,0,1331,146,832,33,40333.33333,4424.242424,25212.12121,
20210930,NA,9,7.5,fed,D,2,1,1,10,1057,74,629,33,32030.30303,2242.424242,19060.60606,
20210930,NA,9,7.5,fed,D,2,1,1,20,1205,70,1370,33,36515.15152,2121.212121,41515.15152,*
20210930,NA,9,7.5,fed,D,2,1,1,30,841,48,571,33,25484.84848,1454.545455,17303.0303,
20210930,NA,9,7.5,fed,D,2,1,1,50,598,37,758,33,18121.21212,1121.212121,22969.69697,
20210930,NA,9,7.5,fed,D,2,1,1,60,925,107,1290,33,28030.30303,3242.424242,39090.90909,
20210930,NA,40,7.5,fed,D,1,2,1,0,1507,93,948,33,45666.66667,2818.181818,28727.27273,
20210930,NA,40,7.5,fed,D,1,2,1,10,1393,101,1086,33,42212.12121,3060.606061,32909.09091,
20210930,NA,40,7.5,fed,D,1,2,1,20,1302,73,989,33,39454.54545,2212.121212,29969.69697,
20210930,NA,40,7.5,fed,D,1,2,1,30,1447,82,1120,33,43848.48485,2484.848485,33939.39394,
20210930,NA,40,7.5,fed,D,1,2,1,60,1105,62,1347,33,33484.84848,1878.787879,40818.18182,
20210930,NA,1,7.5,unfed,D,2,1,1,0,1481,115,1660,33,44878.78788,3484.848485,50303.0303,
20210930,NA,1,7.5,unfed,D,2,1,1,10,1371,74,868,33,41545.45455,2242.424242,26303.0303,
20210930,NA,1,7.5,unfed,D,2,1,1,20,1370,76,1068,33,41515.15152,2303.030303,32363.63636,
20210930,NA,1,7.5,unfed,D,2,1,1,30,1240,45,881,33,37575.75758,1363.636364,26696.9697,
20210930,NA,1,7.5,unfed,D,2,1,1,50,1299,58,925,33,39363.63636,1757.575758,28030.30303,
20210930,NA,1,7.5,unfed,D,2,1,1,60,1330,77,1020,33,40303.0303,2333.333333,30909.09091,
20210930,NA,29,7.5,unfed,D,1,2,1,0,1371,107,904,33,41545.45455,3242.424242,27393.93939,
20210930,NA,29,7.5,unfed,D,1,2,1,10,1305,88,1309,33,39545.45455,2666.666667,39666.66667,
20210930,NA,29,7.5,unfed,D,1,2,1,20,1227,81,947,33,37181.81818,2454.545455,28696.9697,
20210930,NA,29,7.5,unfed,D,1,2,1,30,1272,70,919,33,38545.45455,2121.212121,27848.48485,
20210930,NA,29,7.5,unfed,D,1,2,1,60,1334,87,1209,33,40424.24242,2636.363636,36636.36364,*
20210930,NA,11,7.5,fed,D,4,1,2,0,"1,623",110,"1,043",33,49181.81818,3333.333333,31606.06061,
20210930,NA,11,7.5,fed,D,4,1,2,20,"1,156",45,"1,206",33,35030.30303,1363.636364,36545.45455,
20210930,NA,11,7.5,fed,D,4,1,2,40,941,64,"1,145",33,28515.15152,1939.393939,34696.9697,
20210930,NA,11,7.5,fed,D,4,1,2,60,685,22,"1,960",33,20757.57576,666.6666667,59393.93939,*
20210930,NA,27,7.5,fed,D,5,2,2,0,"1,365",92,897,33,41363.63636,2787.878788,27181.81818,
20210930,NA,27,7.5,fed,D,5,2,2,20,"1,133",72,"1,764",33,34333.33333,2181.818182,53454.54545,*
20210930,NA,27,7.5,fed,D,5,2,2,40,713,57,930,33,21606.06061,1727.272727,28181.81818,
20210930,NA,27,7.5,fed,D,5,2,2,50,954,37,"2,032",33,28909.09091,1121.212121,61575.75758,*
20210930,NA,27,7.5,fed,D,5,2,2,60,852,34,"3,102",33,25818.18182,1030.30303,94000,*
20210930,NA,18,7.5,unfed,D,5,1,2,0,"1,277",78,952,33,38696.9697,2363.636364,28848.48485,
20210930,NA,18,7.5,unfed,D,5,1,2,10,"1,324",67,840,33,40121.21212,2030.30303,25454.54545,
20210930,NA,18,7.5,unfed,D,5,1,2,20,"1,400",57,"1,172",33,42424.24242,1727.272727,35515.15152,
20210930,NA,18,7.5,unfed,D,5,1,2,40,"1,393",82,971,33,42212.12121,2484.848485,29424.24242,
20210930,NA,18,7.5,unfed,D,5,1,2,60,"1,264",59,"1,316",33,38303.0303,1787.878788,39878.78788,
20210930,NA,35,7.5,unfed,D,4,2,2,0,"1,551",93,"1,075",33,47000,2818.181818,32575.75758,
20210930,NA,35,7.5,unfed,D,4,2,2,20,"1,615",63,"1,276",33,48939.39394,1909.090909,38666.66667,
20210930,NA,35,7.5,unfed,D,4,2,2,40,"1,297",94,846,33,39303.0303,2848.484848,25636.36364,
20210930,NA,35,7.5,unfed,D,4,2,2,60,"1,441",69,"1,270",33,43666.66667,2090.909091,38484.84848,*
20210930,NA,10,8,fed,D,3,1,1,0,1302,91,808,33,39454.54545,2757.575758,24484.84848,
20210930,NA,10,8,fed,D,3,1,1,10,863,48,962,33,26151.51515,1454.545455,29151.51515,
20210930,NA,10,8,fed,D,3,1,1,20,920,48,681,33,27878.78788,1454.545455,20636.36364,
20210930,NA,10,8,fed,D,3,1,1,30,1218,51,1577,33,36909.09091,1545.454545,47787.87879,*
20210930,NA,10,8,fed,D,3,1,1,50,590,23,525,33,17878.78788,696.969697,15909.09091,
20210930,NA,10,8,fed,D,3,1,1,60,1008,67,851,33,30545.45455,2030.30303,25787.87879,
20210930,NA,24,8,fed,D,2,1,1,0,1256,101,965,33,38060.60606,3060.606061,29242.42424,
20210930,NA,24,8,fed,D,2,1,1,10,1339,69,980,33,40575.75758,2090.909091,29696.9697,
20210930,NA,24,8,fed,D,2,1,1,20,1276,77,832,33,38666.66667,2333.333333,25212.12121,
20210930,NA,24,8,fed,D,2,1,1,30,1246,64,1012,33,37757.57576,1939.393939,30666.66667,*
20210930,NA,24,8,fed,D,2,1,1,60,876,66,753,33,26545.45455,2000,22818.18182,
20210930,NA,26,8,fed,D,1,2,1,0,812,53,606,33,24606.06061,1606.060606,18363.63636,
20210930,NA,26,8,fed,D,1,2,1,10,527,55,529,33,15969.69697,1666.666667,16030.30303,
20210930,NA,26,8,fed,D,1,2,1,20,406,30,576,33,12303.0303,909.0909091,17454.54545,
20210930,NA,26,8,fed,D,1,2,1,30,429,40,989,33,13000,1212.121212,29969.69697,
20210930,NA,26,8,fed,D,1,2,1,60,667,43,3929,33,20212.12121,1303.030303,119060.6061,*
20210930,NA,18,8,unfed,D,2,1,1,0,1283,85,858,33,38878.78788,2575.757576,26000,
20210930,NA,18,8,unfed,D,2,1,1,10,1325,63,932,33,40151.51515,1909.090909,28242.42424,
20210930,NA,18,8,unfed,D,2,1,1,20,1241,58,837,33,37606.06061,1757.575758,25363.63636,
20210930,NA,18,8,unfed,D,2,1,1,30,1219,65,769,33,36939.39394,1969.69697,23303.0303,
20210930,NA,18,8,unfed,D,2,1,1,60,889,73,758,33,26939.39394,2212.121212,22969.69697,
20210930,NA,32,8,unfed,D,1,2,1,0,1366,110,938,33,41393.93939,3333.333333,28424.24242,
20210930,NA,32,8,unfed,D,1,2,1,10,1304,75,1100,33,39515.15152,2272.727273,33333.33333,
20210930,NA,32,8,unfed,D,1,2,1,20,1011,51,1270,33,30636.36364,1545.454545,38484.84848,
20210930,NA,32,8,unfed,D,1,2,1,30,906,65,1002,33,27454.54545,1969.69697,30363.63636,
20210930,NA,32,8,unfed,D,1,2,1,60,803,55,2175,33,24333.33333,1666.666667,65909.09091,*
20210930,NA,22,8,fed,D,4,2,2,0,"1,369",87,"1,014",33,41484.84848,2636.363636,30727.27273,
20210930,NA,22,8,fed,D,4,2,2,20,900,51,794,33,27272.72727,1545.454545,24060.60606,
20210930,NA,22,8,fed,D,4,2,2,40,531,45,"1,447",33,16090.90909,1363.636364,43848.48485,*
20210930,NA,22,8,fed,D,4,2,2,50,377,38,606,33,11424.24242,1151.515152,18363.63636,
20210930,NA,22,8,fed,D,4,2,2,60,"1,762",34,"5,166",33,53393.93939,1030.30303,156545.4545,*
20210930,NA,23,8,fed,D,5,2,2,0,"1,411",94,"1,239",33,42757.57576,2848.484848,37545.45455,
20210930,NA,23,8,fed,D,5,2,2,20,802,54,785,33,24303.0303,1636.363636,23787.87879,
20210930,NA,23,8,fed,D,5,2,2,40,526,43,736,33,15939.39394,1303.030303,22303.0303,
20210930,NA,23,8,fed,D,5,2,2,60,485,31,"1,133",33,14696.9697,939.3939394,34333.33333,*
20210930,NA,8,8,unfed,D,4,1,2,0,"1,378",96,954,33,41757.57576,2909.090909,28909.09091,
20210930,NA,8,8,unfed,D,4,1,2,20,"1,316",52,"1,297",33,39878.78788,1575.757576,39303.0303,*
20210930,NA,8,8,unfed,D,4,1,2,40,"1,179",62,860,33,35727.27273,1878.787879,26060.60606,
20210930,NA,8,8,unfed,D,4,1,2,60,"1,204",65,992,33,36484.84848,1969.69697,30060.60606,
20210930,NA,36,8,unfed,D,5,2,2,0,"1,448",102,"1,142",33,43878.78788,3090.909091,34606.06061,
20210930,NA,36,8,unfed,D,5,2,2,20,"1,499",48,"1,052",33,45424.24242,1454.545455,31878.78788,
20210930,NA,36,8,unfed,D,5,2,2,40,"1,268",62,954,33,38424.24242,1878.787879,28909.09091,
20210930,NA,36,8,unfed,D,5,2,2,50,"1,289",41,840,33,39060.60606,1242.424242,25454.54545,
20210930,NA,36,8,unfed,D,5,2,2,60,"1,473",56,"2,049",33,44636.36364,1696.969697,62090.90909,*
20211026,A10 R2 7.5D T0,7.5D,7.5,fed,D,1,NA,2,0,"1,306",36,"7,336",50,26120,720,146720,
20211026,B10 R2 7.5D T15,7.5D,7.5,fed,D,1,NA,2,15,644,7,"4,015",50,12880,140,80300,
20211026,C10 R2 7.5D T30,7.5D,7.5,fed,D,1,NA,2,30,469,3,"3,622",50,9380,60,72440,
20211026,D10 R2 7.5D T45,7.5D,7.5,fed,D,1,NA,2,45,20,0,625,50,400,0,12500,
20211026,E10 R2 7.5D T60,7.5D,7.5,fed,D,1,NA,2,60,2,0,189,50,40,0,3780,
20211026,A07 R2 8.0D T0,8D,8,fed,D,1,NA,2,0,"1,492",29,"9,820",50,29840,580,196400,
20211026,B07 R2 8.0D T15,8D,8,fed,D,1,NA,2,15,697,12,"5,702",50,13940,240,114040,
20211026,C07 R2 8.0D T30,8D,8,fed,D,1,NA,2,30,204,1,"1,323",50,4080,20,26460,
20211026,D07 R2 8.0D T45,8D,8,fed,D,1,NA,2,45,17,0,338,50,340,0,6760,
20211026,E07 R2 8.0D T60,8D,8,fed,D,1,NA,2,60,120,3,"2,463",50,2400,60,49260,
20211026,A02 R3 S2 T0,8.0D,8,fed,D,2,NA,3,0,"1,245",282,"5,885",33,37727.27273,8545.454545,178333.3333,
20211026,A05 R3 S5 T0,7.5D,7.5,fed,D,2,NA,3,0,"1,286",256,"4,572",33,38969.69697,7757.575758,138545.4545,
20211026,B02 R3 S2 T15,8.0D,8,fed,D,2,NA,3,15,"1,147",110,"5,010",33,34757.57576,3333.333333,151818.1818,
20211026,B05 R3 S5 T15,7.5D,7.5,fed,D,2,NA,3,15,68,15,472,33,2060.606061,454.5454545,14303.0303,
20211026,C02 R3 S2 T30,8.0D,8,fed,D,2,NA,3,30,"1,009",76,"3,690",33,30575.75758,2303.030303,111818.1818,
20211026,C05 R3 S5 T30,7.5D,7.5,fed,D,2,NA,3,30,27,6,330,33,818.1818182,181.8181818,10000,
20211026,D02 R3 S2 T45,8.0D,8,fed,D,2,NA,3,45,996,86,"3,488",33,30181.81818,2606.060606,105696.9697,
20211026,D05 R3 S5 T45,7.5D,7.5,fed,D,2,NA,3,45,19,3,147,33,575.7575758,90.90909091,4454.545455,
20211026,E02 R3 S2 T60,8.0D,8,fed,D,2,NA,3,60,151,10,555,33,4575.757576,303.030303,16818.18182,
20211026,E05 R3 S5 T60,7.5D,7.5,fed,D,2,NA,3,60,13,4,284,33,393.9393939,121.2121212,8606.060606,
20211026,13,8.0D,8,unfed,D,1,NA,1_B,0,"1,032",196,"2,317",33,31272.72727,5939.393939,70212.12121,
20211026,13,8.0D,8,unfed,D,1,NA,1_B,15,975,76,"2,214",33,29545.45455,2303.030303,67090.90909,
20211026,13,8.0D,8,unfed,D,1,NA,1_B,30,963,90,"3,143",33,29181.81818,2727.272727,95242.42424,
20211026,13,8.0D,8,unfed,D,1,NA,1_B,45,873,46,"2,459",33,26454.54545,1393.939394,74515.15152,
20211026,13,8.0D,8,unfed,D,1,NA,1_B,60,911,43,"2,794",33,27606.06061,1303.030303,84666.66667,
20211026,14,7.5D,7.5,unfed,D,1,NA,1_B,0,999,187,"2,378",33,30272.72727,5666.666667,72060.60606,
20211026,14,7.5D,7.5,unfed,D,1,NA,1_B,15,912,82,"2,781",33,27636.36364,2484.848485,84272.72727,
20211026,14,7.5D,7.5,unfed,D,1,NA,1_B,30,873,88,"2,345",33,26454.54545,2666.666667,71060.60606,
20211026,14,7.5D,7.5,unfed,D,1,NA,1_B,45,688,48,"1,774",33,20848.48485,1454.545455,53757.57576,
20211026,14,7.5D,7.5,unfed,D,1,NA,1_B,60,828,38,"2,334",33,25090.90909,1151.515152,70727.27273,
20211026,17,8.0D,8,unfed,D,2,NA,1_B,0,991,201,"3,031",33,30030.30303,6090.909091,91848.48485,
20211026,17,8.0D,8,unfed,D,2,NA,1_B,15,905,66,"2,360",33,27424.24242,2000,71515.15152,
20211026,17,8.0D,8,unfed,D,2,NA,1_B,30,963,100,"3,151",33,29181.81818,3030.30303,95484.84848,
20211026,17,8.0D,8,unfed,D,2,NA,1_B,45,849,58,"2,544",33,25727.27273,1757.575758,77090.90909,
20211026,17,8.0D,8,unfed,D,2,NA,1_B,60,889,56,"2,677",33,26939.39394,1696.969697,81121.21212,
20210914,NA,blank 8.0,8,NA,NA,NA,NA,1,0,1275,74,767,33,38636.36364,2242.424242,23242.42424,
20210914,NA,blank 8.0,8,NA,NA,NA,NA,1,10,1273,61,698,33,38575.75758,1848.484848,21151.51515,
20210914,NA,blank 8.0,8,NA,NA,NA,NA,1,27,1329,201,755,33,40272.72727,6090.909091,22878.78788,
20210914,NA,blank 8.0,8,NA,NA,NA,NA,1,47,1215,79,759,33,36818.18182,2393.939394,23000,
20210914,NA,blank 8.0,8,NA,NA,NA,NA,1,57,1228,60,713,33,37212.12121,1818.181818,21606.06061,
20210914,NA,blank 8.0,8,NA,NA,NA,NA,1,70,1256,45,695,33,38060.60606,1363.636364,21060.60606,
20210914,NA,blank 8.0,8,NA,NA,NA,NA,1,90,1266,63,660,33,38363.63636,1909.090909,20000,
20210914,NA,blank 7.5,7.5,NA,NA,NA,NA,1,0,1245,74,667,33,37727.27273,2242.424242,20212.12121,
20210914,NA,blank 7.5,7.5,NA,NA,NA,NA,1,10,1306,74,738,33,39575.75758,2242.424242,22363.63636,
20210914,NA,blank 7.5,7.5,NA,NA,NA,NA,1,27,1226,198,795,33,37151.51515,6000,24090.90909,
20210914,NA,blank 7.5,7.5,NA,NA,NA,NA,1,47,1248,73,748,33,37818.18182,2212.121212,22666.66667,
20210914,NA,blank 7.5,7.5,NA,NA,NA,NA,1,57,1204,48,693,33,36484.84848,1454.545455,21000,
20210914,NA,blank 7.5,7.5,NA,NA,NA,NA,1,70,1302,46,701,33,39454.54545,1393.939394,21242.42424,
20210914,NA,blank 7.5,7.5,NA,NA,NA,NA,1,90,1235,43,703,33,37424.24242,1303.030303,21303.0303,
20210914,NA,blank 8.0,8,NA,NA,NA,NA,2,0,1209,99,642,33,36636.36364,3000,19454.54545,
20210914,NA,blank 8.0,8,NA,NA,NA,NA,2,10,1218,71,634,33,36909.09091,2151.515152,19212.12121,
20210914,NA,blank 8.0,8,NA,NA,NA,NA,2,20,1275,65,653,33,38636.36364,1969.69697,19787.87879,
20210914,NA,blank 8.0,8,NA,NA,NA,NA,2,30,1219,223,828,33,36939.39394,6757.575758,25090.90909,
20210914,NA,blank 8.0,8,NA,NA,NA,NA,2,40,1180,47,632,33,35757.57576,1424.242424,19151.51515,
20210914,NA,blank 8.0,8,NA,NA,NA,NA,2,50,1208,50,683,33,36606.06061,1515.151515,20696.9697,
20210914,NA,blank 8.0,8,NA,NA,NA,NA,2,70,1230,70,678,33,37272.72727,2121.212121,20545.45455,
20210914,NA,blank 8.0,8,NA,NA,NA,NA,2,90,1136,139,594,33,34424.24242,4212.121212,18000,
20210914,NA,blank 7.5,7.5,NA,NA,NA,NA,2,0,1263,83,1077,33,38272.72727,2515.151515,32636.36364,
20210914,NA,blank 7.5,7.5,NA,NA,NA,NA,2,10,1232,106,801,33,37333.33333,3212.121212,24272.72727,
20210914,NA,blank 7.5,7.5,NA,NA,NA,NA,2,20,1186,57,675,33,35939.39394,1727.272727,20454.54545,
20210914,NA,blank 7.5,7.5,NA,NA,NA,NA,2,30,1189,77,619,33,36030.30303,2333.333333,18757.57576,
20210914,NA,blank 7.5,7.5,NA,NA,NA,NA,2,40,1211,52,677,33,36696.9697,1575.757576,20515.15152,
20210914,NA,blank 7.5,7.5,NA,NA,NA,NA,2,50,1178,46,638,33,35696.9697,1393.939394,19333.33333,
20210914,NA,blank 7.5,7.5,NA,NA,NA,NA,2,70,1167,50,651,33,35363.63636,1515.151515,19727.27273,
20210914,NA,blank 7.5,7.5,NA,NA,NA,NA,2,90,1128,37,720,33,34181.81818,1121.212121,21818.18182,
20210914,NA,blank 8.0,8,NA,NA,NA,NA,3,0,1288,109,639,33,39030.30303,3303.030303,19363.63636,
20210914,NA,blank 8.0,8,NA,NA,NA,NA,3,15,1218,66,595,33,36909.09091,2000,18030.30303,
20210914,NA,blank 8.0,8,NA,NA,NA,NA,3,30,1198,47,619,33,36303.0303,1424.242424,18757.57576,
20210914,NA,blank 8.0,8,NA,NA,NA,NA,3,45,1170,63,635,33,35454.54545,1909.090909,19242.42424,
20210914,NA,blank 8.0,8,NA,NA,NA,NA,3,60,1377,87,830,33,41727.27273,2636.363636,25151.51515,
20210914,NA,blank 8.0,8,NA,NA,NA,NA,3,75,1220,237,574,33,36969.69697,7181.818182,17393.93939,
20210914,NA,blank 8.0,8,NA,NA,NA,NA,3,90,1172,67,706,33,35515.15152,2030.30303,21393.93939,
20210914,NA,blank 7.5,7.5,NA,NA,NA,NA,3,0,1212,68,845,33,36727.27273,2060.606061,25606.06061,
20210914,NA,blank 7.5,7.5,NA,NA,NA,NA,3,15,1210,47,725,33,36666.66667,1424.242424,21969.69697,
20210914,NA,blank 7.5,7.5,NA,NA,NA,NA,3,30,1155,73,767,33,35000,2212.121212,23242.42424,
20210914,NA,blank 7.5,7.5,NA,NA,NA,NA,3,45,1250,57,861,33,37878.78788,1727.272727,26090.90909,
20210914,NA,blank 7.5,7.5,NA,NA,NA,NA,3,60,1382,61,973,33,41878.78788,1848.484848,29484.84848,
20210914,NA,blank 7.5,7.5,NA,NA,NA,NA,3,75,1213,120,880,33,36757.57576,3636.363636,26666.66667,
20210914,NA,blank 7.5,7.5,NA,NA,NA,NA,3,90,1422,150,924,33,43090.90909,4545.454545,28000,
20210914,NA,blank 8.0,8,NA,NA,NA,NA,4,0,1327,73,724,33,40212.12121,2212.121212,21939.39394,
20210914,NA,blank 8.0,8,NA,NA,NA,NA,4,15,1269,173,659,33,38454.54545,5242.424242,19969.69697,
20210914,NA,blank 8.0,8,NA,NA,NA,NA,4,30,1262,145,688,33,38242.42424,4393.939394,20848.48485,
20210914,NA,blank 8.0,8,NA,NA,NA,NA,4,45,1243,116,662,33,37666.66667,3515.151515,20060.60606,
20210914,NA,blank 8.0,8,NA,NA,NA,NA,4,60,1156,40,708,33,35030.30303,1212.121212,21454.54545,
20210914,NA,blank 8.0,8,NA,NA,NA,NA,4,75,1213,37,691,33,36757.57576,1121.212121,20939.39394,
20210914,NA,blank 8.0,8,NA,NA,NA,NA,4,90,1199,48,736,33,36333.33333,1454.545455,22303.0303,
20210914,NA,blank 7.5,7.5,NA,NA,3,NA,4,0,1287,84,650,33,39000,2545.454545,19696.9697,
20210914,NA,blank 7.5,7.5,NA,NA,3,NA,4,15,1246,122,645,33,37757.57576,3696.969697,19545.45455,
20210914,NA,blank 7.5,7.5,NA,NA,3,NA,4,30,1149,86,632,33,34818.18182,2606.060606,19151.51515,
20210914,NA,blank 7.5,7.5,NA,NA,3,NA,4,45,1280,113,709,33,38787.87879,3424.242424,21484.84848,
20210914,NA,blank 7.5,7.5,NA,NA,3,NA,4,60,1198,47,644,33,36303.0303,1424.242424,19515.15152,
20210914,NA,blank 7.5,7.5,NA,NA,3,NA,4,75,1229,45,606,33,37242.42424,1363.636364,18363.63636,
20210914,NA,blank 7.5,7.5,NA,NA,3,NA,4,90,1191,57,661,33,36090.90909,1727.272727,20030.30303,
20210930,23,blank 7.5,7.5,NA,NA,NA,1,1,0,1232,97,767,33,37333.33333,2939.393939,23242.42424,
20210930,23,blank 7.5,7.5,NA,NA,NA,1,1,10,1296,61,826,33,39272.72727,1848.484848,25030.30303,
20210930,23,blank 7.5,7.5,NA,NA,NA,1,1,20,1431,83,992,33,43363.63636,2515.151515,30060.60606,
20210930,23,blank 7.5,7.5,NA,NA,NA,1,1,30,1380,62,852,33,41818.18182,1878.787879,25818.18182,
20210930,23,blank 7.5,7.5,NA,NA,NA,1,1,60,1261,51,985,33,38212.12121,1545.454545,29848.48485,
20210930,30,blank 7.5,7.5,NA,NA,NA,2,1,0,1361,94,749,33,41242.42424,2848.484848,22696.9697,
20210930,30,blank 7.5,7.5,NA,NA,NA,2,1,10,1445,95,1004,33,43787.87879,2878.787879,30424.24242,
20210930,30,blank 7.5,7.5,NA,NA,NA,2,1,20,1435,84,1012,33,43484.84848,2545.454545,30666.66667,
20210930,30,blank 7.5,7.5,NA,NA,NA,2,1,30,1441,64,987,33,43666.66667,1939.393939,29909.09091,
20210930,30,blank 7.5,7.5,NA,NA,NA,2,1,60,1400,89,1057,33,42424.24242,2696.969697,32030.30303,
20210930,1,blank 7.5,7.5,NA,NA,NA,1,2,0,"1,127",80,814,33,34151.51515,2424.242424,24666.66667,
20210930,1,blank 7.5,7.5,NA,NA,NA,1,2,10,"1,428",68,"1,213",33,43272.72727,2060.606061,36757.57576,
20210930,1,blank 7.5,7.5,NA,NA,NA,1,2,20,"1,462",54,"1,685",33,44303.0303,1636.363636,51060.60606,
20210930,1,blank 7.5,7.5,NA,NA,NA,1,2,40,"1,330",71,934,33,40303.0303,2151.515152,28303.0303,
20210930,1,blank 7.5,7.5,NA,NA,NA,1,2,50,"1,412",62,989,33,42787.87879,1878.787879,29969.69697,
20210930,1,blank 7.5,7.5,NA,NA,NA,1,2,60,"1,367",54,"1,016",33,41424.24242,1636.363636,30787.87879,
20210930,28,blank 7.5,7.5,NA,NA,NA,2,2,0,"1,664",117,"1,090",33,50424.24242,3545.454545,33030.30303,
20210930,28,blank 7.5,7.5,NA,NA,NA,2,2,10,"1,740",86,"1,877",33,52727.27273,2606.060606,56878.78788,
20210930,28,blank 7.5,7.5,NA,NA,NA,2,2,20,"1,483",68,"1,064",33,44939.39394,2060.606061,32242.42424,
20210930,28,blank 7.5,7.5,NA,NA,NA,2,2,40,"1,475",73,873,33,44696.9697,2212.121212,26454.54545,
20210930,28,blank 7.5,7.5,NA,NA,NA,2,2,60,"1,487",49,"1,979",33,45060.60606,1484.848485,59969.69697,*
20210930,8,blank 8.0,8,NA,NA,NA,1,1,0,1396,100,908,33,42303.0303,3030.30303,27515.15152,
20210930,8,blank 8.0,8,NA,NA,NA,1,1,10,1460,79,903,33,44242.42424,2393.939394,27363.63636,
20210930,8,blank 8.0,8,NA,NA,NA,1,1,20,1366,62,992,33,41393.93939,1878.787879,30060.60606,
20210930,8,blank 8.0,8,NA,NA,NA,1,1,30,1353,63,933,33,41000,1909.090909,28272.72727,
20210930,8,blank 8.0,8,NA,NA,NA,1,1,60,1341,99,923,33,40636.36364,3000,27969.69697,
20210930,33,blank 8.0,8,NA,NA,NA,2,1,0,1383,104,847,33,41909.09091,3151.515152,25666.66667,
20210930,33,blank 8.0,8,NA,NA,NA,2,1,10,1397,108,1215,33,42333.33333,3272.727273,36818.18182,
20210930,33,blank 8.0,8,NA,NA,NA,2,1,20,1273,57,1004,33,38575.75758,1727.272727,30424.24242,
20210930,33,blank 8.0,8,NA,NA,NA,2,1,30,1328,87,993,33,40242.42424,2636.363636,30090.90909,
20210930,33,blank 8.0,8,NA,NA,NA,2,1,60,1282,70,1038,33,38848.48485,2121.212121,31454.54545,
20210930,4,blank 8.0,8,NA,NA,NA,1,2,0,"1,258",80,"1,076",33,38121.21212,2424.242424,32606.06061,
20210930,4,blank 8.0,8,NA,NA,NA,1,2,20,"1,442",64,"1,701",33,43696.9697,1939.393939,51545.45455,
20210930,4,blank 8.0,8,NA,NA,NA,1,2,40,"1,344",82,958,33,40727.27273,2484.848485,29030.30303,
20210930,4,blank 8.0,8,NA,NA,NA,1,2,60,"1,396",42,"1,190",33,42303.0303,1272.727273,36060.60606,
20210930,30,blank 8.0,8,NA,NA,NA,2,2,0,"1,577",75,"1,173",33,47787.87879,2272.727273,35545.45455,
20210930,30,blank 8.0,8,NA,NA,NA,2,2,20,"1,535",54,"1,205",33,46515.15152,1636.363636,36515.15152,
20210930,30,blank 8.0,8,NA,NA,NA,2,2,40,"1,381",70,989,33,41848.48485,2121.212121,29969.69697,
20210930,30,blank 8.0,8,NA,NA,NA,2,2,60,"1,480",47,"1,550",33,44848.48485,1424.242424,46969.69697,
20211026,NA,blank 7.5,7.5,fed,NA,NA,NA,1,0,"1,312",269,"4,495",33,39757.57576,8151.515152,136212.1212,
20211026,NA,blank 7.5,7.5,fed,NA,NA,NA,1,15,"1,040",114,"3,504",33,31515.15152,3454.545455,106181.8182,
20211026,NA,blank 7.5,7.5,fed,NA,NA,NA,1,30,916,51,"2,304",33,27757.57576,1545.454545,69818.18182,
20211026,NA,blank 7.5,7.5,fed,NA,NA,NA,1,45,943,48,"2,595",33,28575.75758,1454.545455,78636.36364,
20211026,NA,blank 8.0,8,fed,NA,NA,NA,1,0,"1,189",222,"2,809",33,36030.30303,6727.272727,85121.21212,
20211026,NA,blank 8.0,8,fed,NA,NA,NA,1,15,"1,088",109,"3,520",33,32969.69697,3303.030303,106666.6667,
20211026,NA,blank 8.0,8,fed,NA,NA,NA,1,30,"1,026",64,"3,576",33,31090.90909,1939.393939,108363.6364,
20211026,NA,blank 8.0,8,fed,NA,NA,NA,1,45,868,56,"2,801",33,26303.0303,1696.969697,84878.78788,
20211026,NA,blank 8.0,8,fed,NA,NA,NA,1,60,914,64,"2,958",33,27696.9697,1939.393939,89636.36364,
20211026,NA,blank 7.5,7.5,fed,NA,NA,NA,2,0,"1,343",33,"7,977",50,26860,660,159540,
20211026,NA,blank 7.5,7.5,fed,NA,NA,NA,2,15,962,6,"6,207",50,19240,120,124140,
20211026,NA,blank 7.5,7.5,fed,NA,NA,NA,2,30,937,11,"4,881",50,18740,220,97620,
20211026,NA,blank 7.5,7.5,fed,NA,NA,NA,2,45,925,9,"6,366",50,18500,180,127320,
20211026,NA,blank 7.5,7.5,fed,NA,NA,NA,2,60,750,4,"3,213",50,15000,80,64260,
20211026,NA,blank 8.0,8,fed,NA,NA,NA,2,0,"1,420",31,"9,480",50,28400,620,189600,
20211026,NA,blank 8.0,8,fed,NA,NA,NA,2,15,"1,057",11,"5,927",50,21140,220,118540,
20211026,NA,blank 8.0,8,fed,NA,NA,NA,2,30,852,8,"4,595",50,17040,160,91900,
20211026,NA,blank 8.0,8,fed,NA,NA,NA,2,45,862,7,"5,209",50,17240,140,104180,
20211026,NA,blank 8.0,8,fed,NA,NA,NA,3,0,"1,283",230,"5,064",33,38878.78788,6969.69697,153454.5455,
20211026,NA,blank 7.5,7.5,fed,NA,NA,NA,3,0,"1,001",252,"3,775",33,30333.33333,7636.363636,114393.9394,
20211026,NA,blank 8.0,8,fed,NA,NA,NA,3,15,"1,123",98,"4,866",33,34030.30303,2969.69697,147454.5455,
20211026,NA,blank 7.5,7.5,fed,NA,NA,NA,3,15,798,91,"2,195",33,24181.81818,2757.575758,66515.15152,
20211026,NA,blank 8.0,8,fed,NA,NA,NA,3,30,983,67,"3,188",33,29787.87879,2030.30303,96606.06061,
20211026,NA,blank 7.5,7.5,fed,NA,NA,NA,3,30,796,45,"1,483",33,24121.21212,1363.636364,44939.39394,
20211026,NA,blank 8.0,8,fed,NA,NA,NA,3,45,945,51,"2,304",33,28636.36364,1545.454545,69818.18182,
20211026,NA,blank 7.5,7.5,fed,NA,NA,NA,3,45,732,46,"1,752",33,22181.81818,1393.939394,53090.90909,
20211026,NA,blank 8.0,8,fed,NA,NA,NA,3,60,911,39,"2,174",33,27606.06061,1181.818182,65878.78788,
20211026,NA,blank 7.5,7.5,fed,NA,NA,NA,3,60,781,64,"1,612",33,23666.66667,1939.393939,48848.48485,
20211026,2,blank 8.0,8,unfed,NA,NA,NA,1_B,0,"1,128",195,"3,238",33,34181.81818,5909.090909,98121.21212,
20211026,2,blank 8.0,8,unfed,NA,NA,NA,1_B,15,964,97,"2,241",33,29212.12121,2939.393939,67909.09091,
20211026,2,blank 8.0,8,unfed,NA,NA,NA,1_B,30,955,86,"3,191",33,28939.39394,2606.060606,96696.9697,
20211026,2,blank 8.0,8,unfed,NA,NA,NA,1_B,45,847,32,"2,024",33,25666.66667,969.6969697,61333.33333,
20211026,2,blank 8.0,8,unfed,NA,NA,NA,1_B,60,"1,040",71,"3,294",33,31515.15152,2151.515152,99818.18182,
20211026,7,blank 7.5,7.5,unfed,NA,NA,NA,1_B,0,"1,123",209,"3,361",33,34030.30303,6333.333333,101848.4848,
20211026,7,blank 7.5,7.5,unfed,NA,NA,NA,1_B,15,998,80,"3,046",33,30242.42424,2424.242424,92303.0303,
20211026,7,blank 7.5,7.5,unfed,NA,NA,NA,1_B,30,"1,003",94,"3,021",33,30393.93939,2848.484848,91545.45455,
20211026,7,blank 7.5,7.5,unfed,NA,NA,NA,1_B,45,915,59,"2,688",33,27727.27273,1787.878788,81454.54545,
20211026,7,blank 7.5,7.5,unfed,NA,NA,NA,1_B,60,897,63,"2,984",33,27181.81818,1909.090909,90424.24242,
20211026,10,blank 7.5,7.5,unfed,NA,NA,NA,1_B,0,956,180,"2,556",33,28969.69697,5454.545455,77454.54545,
20211026,10,blank 7.5,7.5,unfed,NA,NA,NA,1_B,15,876,69,"2,751",33,26545.45455,2090.909091,83363.63636,
20211026,10,blank 7.5,7.5,unfed,NA,NA,NA,1_B,30,"1,011",81,"2,594",33,30636.36364,2454.545455,78606.06061,
20211026,10,blank 7.5,7.5,unfed,NA,NA,NA,1_B,45,871,59,"2,543",33,26393.93939,1787.878788,77060.60606,
20211026,10,blank 7.5,7.5,unfed,NA,NA,NA,1_B,60,752,36,"2,481",33,22787.87879,1090.909091,75181.81818,
20211026,16,blank 8.0,8,unfed,NA,NA,NA,1_B,0,"1,027",199,"2,967",33,31121.21212,6030.30303,89909.09091,
20211026,16,blank 8.0,8,unfed,NA,NA,NA,1_B,15,937,84,"2,540",33,28393.93939,2545.454545,76969.69697,
20211026,16,blank 8.0,8,unfed,NA,NA,NA,1_B,30,927,97,"2,299",33,28090.90909,2939.393939,69666.66667,
20211026,16,blank 8.0,8,unfed,NA,NA,NA,1_B,45,885,62,"2,679",33,26818.18182,1878.787879,81181.81818,
20211026,16,blank 8.0,8,unfed,NA,NA,NA,1_B,60,855,40,"2,102",33,25909.09091,1212.121212,63696.9697,
20220202,NA,8.0A,8,fed,A,1,NA,1,0,560,545,788,33,16969.69697,16515.15152,23878.78788,
20220202,NA,8.0B,8,fed,B,1,NA,1,0,559,421,862,33,16939.39394,12757.57576,26121.21212,
20220202,NA,8.0C,8,fed,C,1,NA,1,0,526,379,522,33,15939.39394,11484.84848,15818.18182,
20220202,NA,blank 8.0,8,fed,NA,NA,NA,1,0,535,498,738,33,16212.12121,15090.90909,22363.63636,
20220202,NA,7.5A,7.5,fed,A,1,NA,1,0,573,384,678,33,17363.63636,11636.36364,20545.45455,
20220202,NA,7.5B,7.5,fed,B,1,NA,1,0,572,428,564,33,17333.33333,12969.69697,17090.90909,
20220202,NA,7.5C,7.5,fed,C,1,NA,1,0,519,360,495,33,15727.27273,10909.09091,15000,
20220202,NA,blank 7.5,7.5,fed,NA,NA,NA,1,0,535,498,738,33,16212.12121,15090.90909,22363.63636,
20220202,NA,8.0A,8,fed,A,1,NA,1,15,346,152,372,33,10484.84848,4606.060606,11272.72727,
20220202,NA,8.0B,8,fed,B,1,NA,1,15,489,252,762,33,14818.18182,7636.363636,23090.90909,
20220202,NA,8.0C,8,fed,C,1,NA,1,15,470,157,649,33,14242.42424,4757.575758,19666.66667,
20220202,NA,blank 8.0,8,fed,NA,NA,NA,1,15,532,208,465,33,16121.21212,6303.030303,14090.90909,
20220202,NA,7.5A,7.5,fed,A,1,NA,1,15,356,191,435,33,10787.87879,5787.878788,13181.81818,
20220202,NA,7.5B,7.5,fed,B,1,NA,1,15,366,199,782,33,11090.90909,6030.30303,23696.9697,
20220202,NA,7.5C,7.5,fed,C,1,NA,1,15,476,169,412,33,14424.24242,5121.212121,12484.84848,
20220202,NA,blank 7.5,7.5,fed,NA,NA,NA,1,15,532,335,881,33,16121.21212,10151.51515,26696.9697,
20220202,NA,8.0A,8,fed,A,1,NA,1,30,194,100,608,33,5878.787879,3030.30303,18424.24242,
20220202,NA,8.0B,8,fed,B,1,NA,1,30,366,204,377,33,11090.90909,6181.818182,11424.24242,
20220202,NA,8.0C,8,fed,C,1,NA,1,30,465,220,601,33,14090.90909,6666.666667,18212.12121,
20220202,NA,blank 8.0,8,fed,NA,NA,NA,1,30,559,275,468,33,16939.39394,8333.333333,14181.81818,
20220202,NA,7.5A,7.5,fed,A,1,NA,1,30,192,101,313,33,5818.181818,3060.606061,9484.848485,
20220202,NA,7.5B,7.5,fed,B,1,NA,1,30,196,116,361,33,5939.393939,3515.151515,10939.39394,
20220202,NA,7.5C,7.5,fed,C,1,NA,1,30,404,125,521,33,12242.42424,3787.878788,15787.87879,
20220202,NA,blank 7.5,7.5,fed,NA,NA,NA,1,30,595,370,591,33,18030.30303,11212.12121,17909.09091,
20220202,NA,8.0A,8,fed,A,1,NA,1,45,78,47,197,33,2363.636364,1424.242424,5969.69697,
20220202,NA,8.0B,8,fed,B,1,NA,1,45,218,98,291,33,6606.060606,2969.69697,8818.181818,
20220202,NA,8.0C,8,fed,C,1,NA,1,45,418,218,523,33,12666.66667,6606.060606,15848.48485,
20220202,NA,blank 8.0,8,fed,NA,NA,NA,1,45,490,297,715,33,14848.48485,9000,21666.66667,
20220202,NA,7.5A,7.5,fed,A,1,NA,1,45,108,41,301,33,3272.727273,1242.424242,9121.212121,
20220202,NA,7.5B,7.5,fed,B,1,NA,1,45,93,50,391,33,2818.181818,1515.151515,11848.48485,
20220202,NA,7.5C,7.5,fed,C,1,NA,1,45,309,102,326,33,9363.636364,3090.909091,9878.787879,
20220202,NA,blank 7.5,7.5,fed,NA,NA,NA,1,45,565,294,584,33,17121.21212,8909.090909,17696.9697,
20220202,NA,8.0A,8,fed,A,1,NA,1,60,33,18,197,33,1000,545.4545455,5969.69697,
20220202,NA,8.0B,8,fed,B,1,NA,1,60,118,70,1082,33,3575.757576,2121.212121,32787.87879,
20220202,NA,8.0C,8,fed,C,1,NA,1,60,273,103,257,33,8272.727273,3121.212121,7787.878788,
20220202,NA,blank 8.0,8,fed,NA,NA,NA,1,60,512,291,477,33,15515.15152,8818.181818,14454.54545,
20220202,NA,7.5A,7.5,fed,A,1,NA,1,60,38,17,391,33,1151.515152,515.1515152,11848.48485,
20220202,NA,7.5B,7.5,fed,B,1,NA,1,60,38,20,275,33,1151.515152,606.0606061,8333.333333,
20220202,NA,7.5C,7.5,fed,C,1,NA,1,60,204,74,293,33,6181.818182,2242.424242,8878.787879,
20220202,NA,blank 7.5,7.5,fed,NA,NA,NA,1,60,530,394,521,33,16060.60606,11939.39394,15787.87879,
20220202,NA,8.0D,8,8.0D,D,1,NA,2,0,737,546,859,33,22333.33333,16545.45455,26030.30303,
20220202,NA,8.0E,8,8.0E,E,1,NA,2,0,697,521,589,33,21121.21212,15787.87879,17848.48485,
20220202,NA,8.0F,8,8.0F,F,1,NA,2,0,747,542,621,33,22636.36364,16424.24242,18818.18182,
20220202,NA,blank 8.0,8,Blank,NA,NA,NA,2,0,749,567,603,33,22696.9697,17181.81818,18272.72727,
20220202,NA,7.5D,7.5,7.5D,D,1,NA,2,0,730,648,597,33,22121.21212,19636.36364,18090.90909,
20220202,NA,7.5E,7.5,7.5E,E,1,NA,2,0,736,580,573,33,22303.0303,17575.75758,17363.63636,
20220202,NA,7.5F,7.5,7.5F,F,1,NA,2,0,743,487,636,33,22515.15152,14757.57576,19272.72727,
20220202,NA,blank 7.5,7.5,Blank,NA,NA,NA,2,0,756,455,710,33,22909.09091,13787.87879,21515.15152,
20220202,NA,8.0D,8,8.0D,D,1,NA,2,15,732,434,782,33,22181.81818,13151.51515,23696.9697,
20220202,NA,8.0E,8,8.0E,E,1,NA,2,15,437,265,494,33,13242.42424,8030.30303,14969.69697,
20220202,NA,8.0F,8,8.0F,F,1,NA,2,15,504,359,567,33,15272.72727,10878.78788,17181.81818,
20220202,NA,blank 8.0,8,Blank,NA,NA,NA,2,15,723,525,659,33,21909.09091,15909.09091,19969.69697,
20220202,NA,7.5D,7.5,7.5D,D,1,NA,2,15,592,374,698,33,17939.39394,11333.33333,21151.51515,
20220202,NA,7.5E,7.5,7.5E,E,1,NA,2,15,538,397,634,33,16303.0303,12030.30303,19212.12121,
20220202,NA,7.5F,7.5,7.5F,F,1,NA,2,15,564,209,537,33,17090.90909,6333.333333,16272.72727,
20220202,NA,blank 7.5,7.5,Blank,NA,NA,NA,2,15,757,387,698,33,22939.39394,11727.27273,21151.51515,
20220202,NA,8.0D,8,8.0D,D,1,NA,2,30,538,234,563,33,16303.0303,7090.909091,17060.60606,
20220202,NA,8.0E,8,8.0E,E,1,NA,2,30,181,81,540,33,5484.848485,2454.545455,16363.63636,
20220202,NA,8.0F,8,8.0F,F,1,NA,2,30,305,174,375,33,9242.424242,5272.727273,11363.63636,
20220202,NA,blank 8.0,8,Blank,NA,NA,NA,2,30,745,419,664,33,22575.75758,12696.9697,20121.21212,
20220202,NA,7.5D,7.5,7.5D,D,1,NA,2,30,524,249,711,33,15878.78788,7545.454545,21545.45455,
20220202,NA,7.5E,7.5,7.5E,E,1,NA,2,30,402,175,466,33,12181.81818,5303.030303,14121.21212,
20220202,NA,7.5F,7.5,7.5F,F,1,NA,2,30,374,95,449,33,11333.33333,2878.787879,13606.06061,
20220202,NA,blank 7.5,7.5,Blank,NA,NA,NA,2,30,738,358,709,33,22363.63636,10848.48485,21484.84848,
20220202,NA,8.0D,8,8.0D,D,1,NA,2,45,387,131,465,33,11727.27273,3969.69697,14090.90909,
20220202,NA,8.0E,8,8.0E,E,1,NA,2,45,87,26,443,33,2636.363636,787.8787879,13424.24242,
20220202,NA,8.0F,8,8.0F,F,1,NA,2,45,177,99,303,33,5363.636364,3000,9181.818182,
20220202,NA,blank 8.0,8,Blank,NA,NA,NA,2,45,727,381,686,33,22030.30303,11545.45455,20787.87879,
20220202,NA,7.5D,7.5,7.5D,D,1,NA,2,45,509,233,486,33,15424.24242,7060.606061,14727.27273,
20220202,NA,7.5E,7.5,7.5E,E,1,NA,2,45,351,121,378,33,10636.36364,3666.666667,11454.54545,
20220202,NA,7.5F,7.5,7.5F,F,1,NA,2,45,263,60,454,33,7969.69697,1818.181818,13757.57576,
20220202,NA,blank 7.5,7.5,Blank,NA,NA,NA,2,45,730,430,735,33,22121.21212,13030.30303,22272.72727,
20220202,NA,8.0D,8,8.0D,D,1,NA,2,60,258,142,371,33,7818.181818,4303.030303,11242.42424,
20220202,NA,8.0E,8,8.0E,E,1,NA,2,60,38,22,165,33,1151.515152,666.6666667,5000,
20220202,NA,8.0F,8,8.0F,F,1,NA,2,60,118,55,327,33,3575.757576,1666.666667,9909.090909,
20220202,NA,blank 8.0,8,Blank,NA,NA,NA,2,60,741,371,821,33,22454.54545,11242.42424,24878.78788,
20220202,NA,7.5D,7.5,7.5D,D,1,NA,2,60,547,224,403,33,16575.75758,6787.878788,12212.12121,
20220202,NA,7.5E,7.5,7.5E,E,1,NA,2,60,291,85,426,33,8818.181818,2575.757576,12909.09091,
20220202,NA,7.5F,7.5,7.5F,F,1,NA,2,60,133,71,231,33,4030.30303,2151.515152,7000,
20220202,NA,blank 7.5,7.5,Blank,NA,NA,NA,2,60,726,368,605,33,22000,11151.51515,18333.33333,
20220202,NA,8.0G,8,8.0G,G,1,NA,3,0,759,774,806,33,23000,23454.54545,24424.24242,
20220202,NA,8.0H,8,8.0H,H,1,NA,3,0,749,768,832,33,22696.9697,23272.72727,25212.12121,
20220202,NA,8.0C,8,8.0C,C,2,NA,3,0,789,561,640,33,23909.09091,17000,19393.93939,
20220202,NA,blank 8.0,8,Blank,NA,NA,NA,3,0,817,722,751,33,24757.57576,21878.78788,22757.57576,
20220202,NA,7.5G,7.5,7.5G,G,1,NA,3,0,797,598,712,33,24151.51515,18121.21212,21575.75758,
20220202,NA,7.5H,7.5,7.5H,H,1,NA,3,0,766,634,916,33,23212.12121,19212.12121,27757.57576,
20220202,NA,7.5C,7.5,7.5C,C,2,NA,3,0,816,636,862,33,24727.27273,19272.72727,26121.21212,
20220202,NA,blank 7.5,7.5,Blank,NA,NA,NA,3,0,757,683,1129,33,22939.39394,20696.9697,34212.12121,
20220202,NA,8.0G,8,8.0G,G,1,NA,3,15,628,397,724,33,19030.30303,12030.30303,21939.39394,
20220202,NA,8.0H,8,8.0H,H,1,NA,3,15,553,416,904,33,16757.57576,12606.06061,27393.93939,
20220202,NA,8.0C,8,8.0C,C,2,NA,3,15,588,378,559,33,17818.18182,11454.54545,16939.39394,
20220202,NA,blank 8.0,8,Blank,NA,NA,NA,3,15,774,685,737,33,23454.54545,20757.57576,22333.33333,
20220202,NA,7.5G,7.5,7.5G,G,1,NA,3,15,599,426,607,33,18151.51515,12909.09091,18393.93939,
20220202,NA,7.5H,7.5,7.5H,H,1,NA,3,15,561,398,602,33,17000,12060.60606,18242.42424,
20220202,NA,7.5C,7.5,7.5C,C,2,NA,3,15,748,429,813,33,22666.66667,13000,24636.36364,
20220202,NA,blank 7.5,7.5,Blank,NA,NA,NA,3,15,737,445,694,33,22333.33333,13484.84848,21030.30303,
20220202,NA,8.0G,8,8.0G,G,1,NA,3,30,469,273,578,33,14212.12121,8272.727273,17515.15152,
20220202,NA,8.0H,8,8.0H,H,1,NA,3,30,284,182,371,33,8606.060606,5515.151515,11242.42424,
20220202,NA,8.0C,8,8.0C,C,2,NA,3,30,390,136,387,33,11818.18182,4121.212121,11727.27273,
20220202,NA,blank 8.0,8,Blank,NA,NA,NA,3,30,792,591,690,33,24000,17909.09091,20909.09091,
20220202,NA,7.5G,7.5,7.5G,G,1,NA,3,30,434,286,433,33,13151.51515,8666.666667,13121.21212,
20220202,NA,7.5H,7.5,7.5H,H,1,NA,3,30,449,275,613,33,13606.06061,8333.333333,18575.75758,
20220202,NA,7.5C,7.5,7.5C,C,2,NA,3,30,684,378,682,33,20727.27273,11454.54545,20666.66667,
20220202,NA,blank 7.5,7.5,Blank,NA,NA,NA,3,30,738,434,938,33,22363.63636,13151.51515,28424.24242,
20220202,NA,8.0G,8,8.0G,G,1,NA,3,45,304,221,400,33,9212.121212,6696.969697,12121.21212,
20220202,NA,8.0H,8,8.0H,H,1,NA,3,45,155,76,248,33,4696.969697,2303.030303,7515.151515,
20220202,NA,8.0C,8,8.0C,C,2,NA,3,45,195,81,230,33,5909.090909,2454.545455,6969.69697,
20220202,NA,blank 8.0,8,Blank,NA,NA,NA,3,45,778,600,606,33,23575.75758,18181.81818,18363.63636,
20220202,NA,7.5G,7.5,7.5G,G,1,NA,3,45,278,162,337,33,8424.242424,4909.090909,10212.12121,
20220202,NA,7.5H,7.5,7.5H,H,1,NA,3,45,324,175,351,33,9818.181818,5303.030303,10636.36364,
20220202,NA,7.5C,7.5,7.5C,C,2,NA,3,45,483,289,584,33,14636.36364,8757.575758,17696.9697,
20220202,NA,blank 7.5,7.5,Blank,NA,NA,NA,3,45,726,470,764,33,22000,14242.42424,23151.51515,
20220202,NA,8.0G,8,8.0G,G,1,NA,3,60,187,92,392,33,5666.666667,2787.878788,11878.78788,
20220202,NA,8.0H,8,8.0H,H,1,NA,3,60,84,45,224,33,2545.454545,1363.636364,6787.878788,
20220202,NA,8.0C,8,8.0C,C,2,NA,3,60,115,44,371,33,3484.848485,1333.333333,11242.42424,
20220202,NA,blank 8.0,8,Blank,NA,NA,NA,3,60,763,637,688,33,23121.21212,19303.0303,20848.48485,
20220202,NA,7.5G,7.5,7.5G,G,1,NA,3,60,132,95,336,33,4000,2878.787879,10181.81818,
20220202,NA,7.5H,7.5,7.5H,H,1,NA,3,60,253,106,304,33,7666.666667,3212.121212,9212.121212,
20220202,NA,7.5C,7.5,7.5C,C,2,NA,3,60,389,156,401,33,11787.87879,4727.272727,12151.51515,
20220202,NA,blank 7.5,7.5,Blank,NA,NA,NA,3,60,689,475,608,33,20878.78788,14393.93939,18424.24242,
