Project,Sample ID,Barcode Sequence,# Reads,Yield (Mbases),Mean Quality Score,% Bases >= 30
30-856094038,F0-B1,AGTCAGACGA+TGTCGCTGGT,22659086,6798,35.16,89.88
30-856094038,F0-B10,TTCATAAGGT+CCTTCTAACA,17610560,5283,34.9,88.65
30-856094038,F0-B11,ACCGTTACAA+TCGCTATGAG,16098630,4830,35.05,89.29
30-856094038,F0-B13,CGTCTCATAT+AGCTACTATA,9650859,2895,35.29,90.45
30-856094038,F0-B14,CCGTATGTTC+ACAGTGTATG,20419619,6126,35.32,90.56
30-856094038,F0-B15,CCATCATTAG+AGAGGCAACC,20426425,6128,35.33,90.54
30-856094038,F0-B16,TAAGCATCCA+AATGGATTGA,24195177,7259,35.2,90.1
30-856094038,F0-B17,GGTAACTCGC+TCACCAACTT,9164116,2749,34.77,88.03
30-856094038,F0-B18,CCATCTCGCC+AACCATAGAA,31552539,9466,35.44,91.19
30-856094038,F0-B19,CCTGTCTGTC+TCACAACAGT,13474817,4042,34.91,88.67
30-856094038,F0-B2,AGAGGCAACC+CCATCATTAG,28162628,8449,35.47,91.31
30-856094038,F0-B20,CTGTTGGTCC+AACGGTCTAT,16023281,4807,35.04,89.26
30-856094038,F0-B21,AGGATGTGCT+GGAATTGTAA,13335232,4001,35.04,89.21
30-856094038,F0-B22,CCTCCGGTTG+TGGTGTTATG,0,0,0,0
30-856094038,F0-B23,TATGCCTTAC+TAATGTGTCT,6933314,2080,34.79,88.15
30-856094038,F0-B24,TCAGAAGGCG+TATGATGGCC,4734625,1420,34.92,88.63
30-856094038,F0-B25,CGCTGTCTCA+GGTGAGTAAT,18383401,5515,35.13,89.64
30-856094038,F0-B26,ATTCCATAAG+CCACCAGGCA,0,0,0,0
30-856094038,F0-B27,GATAGGCCGA+GCCATGTGCG,14612940,4384,35.05,89.31
30-856094038,F0-B3,GGTTGCGAGG+TTGCTCTATT,25972175,7792,35.11,89.47
30-856094038,F0-B4,CAGCCGCGTA+CACGGCTAGT,22501959,6751,35.17,89.78
30-856094038,F0-B5,GTCTAATGGC+CCTGACCACT,26070765,7821,35.24,90.19
30-856094038,F0-B6,GACACCATGT+TACACGTTGA,15607215,4682,34.76,87.87
30-856094038,F0-B7,CTCGCTTCGG+TTGACTAGTA,18996146,5699,35.32,90.62
30-856094038,F0-B9,ATACCAACGC+CGCAGCAATT,22607460,6782,35.25,90.2
30-856094038,F1-B10-pH8,TCCTCGGACT+CTCTGGCGTT,12025451,3608,34.83,88.1
30-856094038,F1-B11-pH75,TTACAGTTAG+ATATGCATGT,8037852,2411,35.12,89.61
30-856094038,F1-B11-pH8,TTAGGATATC+CCATGGTATA,11392510,3418,34.99,89
30-856094038,F1-B12-pH75,GCTTCATATT+AGGCTGAACG,9150776,2745,34.88,88.38
30-856094038,F1-B12-pH8,TAGTTCGGTA+CTACACATGG,11068741,3321,34.85,88.22
30-856094038,F1-B13-pH75,CTCCACTAAT+AACAAGTACA,29762835,8929,34.83,88.09
30-856094038,F1-B13-pH8,GCTCTTAACT+GGTGGACGTG,9043812,2713,34.72,87.58
30-856094038,F1-B14-pH75,TTCATGGTTC+TGACAATGTC,12057920,3617,35.47,91.36
30-856094038,F1-B14-pH8,ATAGGTCTTA+CTGTGGTGAC,11118178,3335,34.95,88.77
30-856094038,F1-B15-pH75,GCGTATTAAT+CAACACCGCA,17589522,5277,35.4,90.89
30-856094038,F1-B15-pH8,CACTAGACCA+ATAAGGCAGT,8696777,2609,34.77,87.79
30-856094038,F1-B16-pH75,TCATACCGTT+CTGCGTTACC,17852601,5356,35.09,89.33
30-856094038,F1-B16-pH8,TCTCAATACC+CGCGAACGTC,10367565,3110,34.95,88.62
30-856094038,F1-B17-pH75,TAACCGGCGA+CTAATGTAGC,19898823,5970,34.97,88.8
30-856094038,F1-B18-pH75,AGCTAAGCGG+GCGTATTAAT,231288790,69387,34.98,88.84
30-856094038,F1-B18-pH8,AGCGAATTAG+TGTTCCGGCT,12868438,3861,35.22,90.06
30-856094038,F1-B1-pH75,CAGCGGTAGA+CACCTGTTGC,21695853,6509,34.55,86.69
30-856094038,F1-B1-pH8,ACTAGCGCTA+GAGGAAGTAA,10581023,3174,34.97,88.81
30-856094038,F1-B20-pH75,CCTGACCACT+ATAGCCAAGA,16019101,4806,35.27,90.24
30-856094038,F1-B20-pH8,GTAGGCGAGC+TGCGCTCCTA,9164258,2749,34.88,88.33
30-856094038,F1-B21-pH75,GCGTGGATGG+CATTGGTCAA,10192495,3058,34.88,88.4
30-856094038,F1-B21-pH8,CGATCTGTGA+AGTCTTCCTA,11011815,3304,34.83,88.16
30-856094038,F1-B22-pH75,GTAACTGAAG+TCGCGACTCC,23079,7,34.9,88.42
30-856094038,F1-B23-pH75,CTTACCGCAC+ATAGGTCTTA,11686678,3506,35.05,89.22
30-856094038,F1-B24-pH8,TGATAACGAG+CCTGCGGAAC,10818168,3245,35.28,90.34
30-856094038,F1-B25-pH8,TAATTCTGCT+ATTGATGAGA,8758967,2628,35.07,89.36
30-856094038,F1-B2-pH8,ATAGTTAGCA+CTACTTAGAG,2,0,36.78,98.33
30-856094038,F1-B30-pH75,CTAAGTACGC+TAGGTATGTT,21354,6,35.19,89.87
30-856094038,F1-B3-pH75,CTGTTATATC+ACAGCTATAC,13021462,3906,34.81,88.11
30-856094038,F1-B3-pH8,ATCCTCTCAA+GCCTTGCGGA,11344735,3403,34.82,88.02
30-856094038,F1-B4-pH75,GAGGCCTATT+TCCGGACTAG,7596721,2279,34.76,87.7
30-856094038,F1-B4-pH8,GTTGTGACTA+TCCGTTATGT,10457084,3137,32.99,79.26
30-856094038,F1-B5-pH8,GGCGCCATTG+ATTGCGCGGT,17958969,5388,34.89,88.36
30-856094038,F1-B6-pH75,TGCTACTGCC+CCTCCGGTTG,30675325,9203,35.27,90.43
30-856094038,F1-B6-pH75DUP,AATGCGAACA+TCCGCCAATT,17386112,5216,35.24,90.19
30-856094038,F1-B6-pH8,AAGAGAGTCT+AAGATTCGTA,6594914,1978,35.02,89.09
30-856094038,F1-B7-pH75,TTCACGAGAC+GTAACAATCT,8447902,2534,35.05,89.2
30-856094038,F1-B7-pH8,CTTCCTAGGA+ATACTCTAGG,13299532,3990,34.74,87.78
30-856094038,F1-B8-pH75,AGTATGCTAC+GGTCTATTAA,8412171,2524,35.03,89.13
30-856094038,F1-B8-pH8,AGCTGGAATG+CGCATTCCGT,11610236,3483,34.92,88.58
30-856094038,F1-B9-pH75,CCACCGGAGT+CATGGCAGGC,13136611,3941,35.24,89.97
30-856094038,F1-B9-pH8,TCCTGGTTGT+TGCCGGTCAG,12483034,3745,34.92,88.57
30-856094038,F1-J105-pH8,TCTCATGATA+TCCACGTGTT,16324823,4897,35.27,90.3
30-856094038,F1-J106-pH8,AACCGAGTTC+TCCAGAGATC,15909258,4773,35.38,90.76
30-856094038,F1-J110-pH8,GCTAGACTAT+ATGTCGTATT,23142392,6943,35.35,90.62
30-856094038,F1-J111-pH8,TGATGTAAGA+AAGGACGCAC,15593945,4678,35.04,89.21
30-856094038,F1-J112-pH8,TTACCTGGAA+CTGGAACTGT,13935297,4181,35.16,89.79
30-856094038,F1-J113-pH8,CACGGAACAA+GTGCTAGGTT,21442639,6433,35.21,90.07
30-856094038,F1-J114-pH8,CTGACTCTAC+TGACGGCCGT,11249501,3375,34.99,88.86
30-856094038,F1-J12-pH8,ACCACGACAT+CCGCATACGA,10805955,3242,35.29,90.38
30-856094038,F1-J13-pH8,ACCGGCCGTA+AATATTGCCA,10271047,3081,35.21,90.05
30-856094038,F1-J14-pH8,CTGCGAGCCA+TGGCCGGATT,9673560,2902,35.08,89.43
30-856094038,F1-J157-pH8,CACTATCAAC+CATTAACTGA,12254368,3676,35.2,90.05
30-856094038,F1-J158-pH8,TAGTGGAAGC+TATAGGTACT,18189533,5457,35.32,90.58
30-856094038,F1-J160-pH8,TACAAGACTT+TGAACACCTG,20447482,6134,35.49,91.4
30-856094038,F1-J161-pH8,ACAAGTGGAC+AACATCGCGC,14747600,4424,35.17,89.79
30-856094038,F1-J162-pH8,TGAACGCGGA+TCCTTCGAAG,13652739,4096,35.12,89.64
30-856094038,F1-J163-pH8,GACGAGATTA+AGGATAATGT,23566421,7070,35.39,90.9
30-856094038,F1-J164-pH8,CTTGCCATTA+CCTTCGTGAT,14048995,4215,35.26,90.28
30-856094038,F1-J16-pH8,AACATCGCGC+ACAAGTGGAC,12309922,3693,35.32,90.58
30-856094038,F1-J17-pH8,GAAGCGGCAC+AGTAGAGCCG,23137081,6941,35.32,90.53
30-856094038,F1-J18-pH8,TATTGCGCTC+CCTAACACAG,17730387,5319,35.35,90.74
30-856094038,F1-J205-pH75,ATGTCCAGCA+TTGTCCGCTG,8383681,2515,35.05,89.29
30-856094038,F1-J206-pH75,GTAACAATCT+GTATACAGAG,14260344,4278,35.28,90.38
30-856094038,F1-J207-pH75,TACCGCCTCG+GGTTGCGAGG,21380032,6414,35.29,90.41
30-856094038,F1-J209-pH75,CCAATGATAC+CGGCACACTC,21408608,6423,35.25,90.08
30-856094038,F1-J210-pH75,TATCACTCTG+ATGTAACGTT,16446331,4934,35.34,90.7
30-856094038,F1-J211-pH75,ATGGTTGACT+AGGACAGGCC,484437,145,34.99,88.89
30-856094038,F1-J212-pH75,GCCGCACTCT+CGAGGTCGGA,10356385,3107,35.27,90.21
30-856094038,F1-J256-pH75,CGAGGCCAAG+CCGGTAACAC,1233,0,35.33,90.55
30-856094038,F1-J258-pH75,AGCTACTATA+GCCATATAAC,28532957,8560,35.02,89.07
30-856094038,F1-J261-pH75,AACACTGTTA+TGAGACTTGC,17307326,5192,35.23,90.05
30-856094038,F1-J262-pH75,GTATTGACGT+TTGGAATTCC,14393976,4318,35.31,90.51
30-856094038,F1-J263-pH75,CATTAGTGCG+TATGTAGTCA,19216869,5765,35.25,90.29
30-856094038,F1-J264-pH75,TTGGAATTCC+GTATTGACGT,15333570,4600,35.27,90.31
30-856094038,F1-J306-pH75,TTGCTCTATT+TCAAGGTCAC,39464051,11839,35.23,90.11
30-856094038,F1-J307-pH75,CGCCATATCT+ATCTCCGGTC,25936912,7781,35.27,90.35
30-856094038,F1-J308-pH75,CTGTGGTGAC+CCTGTCTGTC,20639051,6192,35.01,88.91
30-856094038,F1-J311-pH75,TGTAATCGAC+CGCGGTGATC,9020175,2706,35.25,90.23
30-856094038,F1-J312-pH75,CGTTATTCTA+AACCTTATGG,8519987,2556,35.29,90.4
30-856094038,F1-J313-pH75,GGAATTGTAA+AGGATGTGCT,12430046,3729,35.21,89.99
30-856094038,F1-J314-pH75,TGGCTAATCA+CTACATGCCT,13243379,3973,35.27,90.39
30-856094038,F1-J354-pH75,CCTGCAACCT+CTGACTCTAC,21410,6,35.33,90.67
30-856094038,F1-J355-pH75,CAACGTTCGG+ATGCGGATCC,5064347,1519,35.37,90.85
30-856094038,F1-J361-pH75,TGGAGTACTT+TCCACACAGA,12403805,3721,35.35,90.68
30-856094038,F1-J362-pH75,TCTGGTATCC+GTAAGCAACG,21605107,6482,35.42,91.08
30-856094038,F1-J363-pH75,TGGTACCTAA+AGTACTCATG,11472131,3442,35.22,90.13
30-856094038,F1-J364-pH75,ACATATCCAG+ATTGCACATA,11459665,3438,35.11,89.59
30-856094038,F1-J372-pH75,ACGCCTTGTT+ACGTTCCTTA,13079684,3924,35.29,90.41
30-856094038,F1-J65-pH8,CCACCAGGCA+ATTCCATAAG,23274938,6982,35.21,90.07
30-856094038,F1-J66-pH8,GTGCAGACAG+ACGGATGGTA,19545384,5864,35.33,90.64
30-856094038,F1-J67-pH8,AGATCCATTA+TGGTAGAGAT,17011158,5103,35.28,90.38
30-856094038,F1-J68-pH8,GCATAAGCTT+TGCGACGGAA,16222864,4867,35.33,90.6
30-856094038,F1-J69-pH8,TCATAGATTG+CACCTTAATC,12524348,3757,35.27,90.36
30-856094038,F1-J6-pH8,GTCCGTAAGC+AAGATACACG,18211201,5463,35.47,91.28
30-856094038,F1-J70-pH8,CTAGTGCTCT+TACTGTTCCA,15942754,4783,35.39,90.93
30-856094038,F1-J71-pH8,TCCATTGCCG+TCGTGCATTC,4578258,1373,35.25,90.22
30-856094038,F2-J102-pH8,TCAGTCTCGT+ATAATCCGTG,6310705,1893,33.86,83.42
30-856094038,F2-J104-pH8,CACACAGTAT+TTAGGCTCAA,9585537,2876,34.35,85.78
30-856094038,F2-J105-pH8,ATTATGTCTC+GCTCTTAACT,7220425,2166,34.28,85.46
30-856094038,F2-J107-pH8,GTAACTTGGT+AGGTATGGCG,11411115,3423,35.18,89.73
30-856094038,F2-J108-pH8,TCTCACACGC+TCACTGTCCG,9363457,2809,35.46,91.19
30-856094038,F2-J109-pH8,GAACGCAATA+ACAGTAAGAT,4282903,1285,35.45,91.12
30-856094038,F2-J122-pH8,ATTGGCTTCT+CTGCGAGCCA,16541983,4963,34.86,88.27
30-856094038,F2-J123-pH8,GAGGTTAGAC+GCAATACATT,19123918,5737,34.75,87.71
30-856094038,F2-J125-pH8,AGGCAGCTCT+ACGTTAGCCG,12973438,3892,35.48,91.35
30-856094038,F2-J126-pH8,CGTACAGGAA+AGAGAACCTA,17721740,5317,35.19,89.87
30-856094038,F2-J127-pH8,TTCGGTGTGA+ATACTTGTTC,16269730,4881,35.07,89.29
30-856094038,F2-J141-pH8,AACGAGGCCG+ATCCAGGTAT,17202387,5161,35.22,90.12
30-856094038,F2-J142-pH8,ACTCTATTGT+CATATGCGAT,10498035,3149,35.04,89.16
30-856094038,F2-J143-pH8,CAGTAATTAC+TACCGCCTCG,13849495,4155,35.09,89.43
30-856094038,F2-J144-pH8,GGAAGGAGAC+AGACTCACCA,6943730,2083,34.43,86.26
30-856094038,F2-J145-pH8,GAATACCTAT+ACTCTATTGT,17533526,5260,35.38,90.83
30-856094038,F2-J146-pH8,ACGTTCCTTA+CACAGCGGTC,12654372,3796,35.23,90
30-856094038,F2-J147-pH8,ATAGCGGAAT+TACTCTGCGC,12577302,3773,35.44,91.09
30-856094038,F2-J161-pH7,TCCAGAGATC+TGAAGTGCAG,8657097,2597,34.95,88.77
30-856094038,F2-J162-pH7,CTTATTGGCC+ACTTGTTATC,31776293,9533,35.27,90.41
30-856094038,F2-J163-pH7,TCTTGTCGGC+ACACAGGTGG,7417129,2225,34.55,86.84
30-856094038,F2-J164-pH7,ACTTGTTATC+TCTAGGCGCG,5478379,1644,35.38,90.84
30-856094038,F2-J165-pH7,AGGCGTTCGC+GTTGGATGAA,15439697,4632,35.2,89.94
30-856094038,F2-J166-pH7,TATCCGAGGC+CTTATTGGCC,19299585,5790,35.38,90.8
30-856094038,F2-J181-pH7,GATTCTGAAT+GTCCACCGCT,34685739,10406,35.38,90.9
30-856094038,F2-J182-pH7,AGATTAAGTG+CCAAGAGGTG,5109613,1533,34.75,87.8
30-856094038,F2-J184-pH7,TGCCGGTCAG+TTGTATCAGG,23717906,7115,35.44,91.12
30-856094038,F2-J185-pH7,AGCGCCACAC+AAGACATTAG,7047302,2114,35.51,91.56
30-856094038,F2-J186-pH7,TCAATGGAGA+GTTGTAGTGC,8218934,2466,35.24,90.21
30-856094038,F2-J187-pH7,AGTACTCATG+ACCACGACAT,10304995,3091,35.29,90.41
30-856094038,F2-J201-pH7,CAGCAATCGT+ATACATCACA,14996489,4499,35.37,90.87
30-856094038,F2-J202-pH7,GAATTACAAG+CTGAGCCGGT,11800657,3540,35.05,89.19
30-856094038,F2-J203-pH7,CTAGATTGCG+CGCCATATCT,19105824,5732,35.07,89.7
30-856094038,F2-J204-pH7,ATCGGCGAAG+AATTCTTGGA,8829302,2649,35.5,91.46
30-856094038,F2-J205-pH7,CTGCGTTACC+TCGAGCCATA,6957101,2087,35.23,90.18
30-856094038,F2-J206-pH7,ATGTAACGTT+CAGCAATCGT,8714405,2614,35.38,90.85
30-856094038,F2-J221-pH7,TCTAGGCGCG+TTAACCTTCG,63328531,18999,35.08,89.34
30-856094038,F2-J222-pH7,CCGGTTCCTA+CTCGAATATA,25,0,35.13,89.99
30-856094038,F2-J223-pH7,TATGATGGCC+TATGACAATC,9818006,2945,34.9,88.47
30-856094038,F2-J224-pH7,CCACGCTGAA+CTGAGGAATA,9883325,2965,34.8,87.99
30-856094038,F2-J225-pH7,TACGTGAAGG+CTAATAACCG,13891992,4168,35.39,90.94
30-856094038,F2-J227-pH7,CCGCGTATAG+CCGGTTCCTA,10633731,3190,35.4,90.96
30-856094038,F2-J228-pH7,GCAATATTCA+AATTGGCGCC,4972025,1492,35.39,90.99
30-856094038,F2-J22-pH75,ATTATCCACT+TACGTGCGTA,1792689,538,33.65,82.56
30-856094038,F2-J23-pH75,AAGCATCTTG+TTGTTGAATG,5123378,1537,34.62,87.11
30-856094038,F2-J24-pH75,CTCGAATATA+TCGACATCTC,16216248,4865,35,88.98
30-856094038,F2-J25-pH75,ACGGTCCAAC+TGATGTAAGA,6272725,1882,34.6,87.11
30-856094038,F2-J26-pH75,CACTCAATTC+CACAACTTAA,14453226,4336,35.03,89.2
30-856094038,F2-J27-pH75,TTCTGTAGAA+TATTGCGCTC,5174241,1552,34.71,87.57
30-856094038,F2-J2-pH75,TTATACGCGA+AACAGACGGC,11470417,3441,34.59,86.93
30-856094038,F2-J3-pH75,CTATTACTAC+GGAGAGACTC,13872721,4162,35.07,89.26
30-856094038,F2-J41-pH75,TTAGACCATG+CTTCCTAGGA,4973189,1492,34.58,86.91
30-856094038,F2-J42-pH75,AACTTATCCT+ACGCCAGTAC,5988080,1796,34.41,86.17
30-856094038,F2-J43-pH75,GTGGACAAGT+AAGGCCACGG,19744341,5923,35.29,90.42
30-856094038,F2-J45-pH75,TAGAATTGGA+TCAGATTAAC,2325850,698,35.34,90.76
30-856094038,F2-J46-pH75,GATATTGTGT+ACCGTGTGGT,11252858,3376,35.04,89.22
30-856094038,F2-J47-pH75,ATAGCCAAGA+CAGTGGCACT,3563270,1069,35.31,90.58
30-856094038,F2-J5-pH75,AATTCCATCT+GTAACTGAAG,16489938,4947,35.14,89.64
30-856094038,F2-J61-pH75,CGCACGACTG+CTGTTGGTCC,11420331,3426,34.52,86.65
30-856094038,F2-J62-pH75,GAATATGCGG+TCAGTCTCGT,8981137,2694,34.83,88.19
30-856094038,F2-J63-pH75,CGCTTAGAAT+TATCACTCTG,7041886,2113,35.51,91.5
30-856094038,F2-J64-pH75,TAGCATAACC+TGCGCATAGC,14203874,4261,35.1,89.44
30-856094038,F2-J65-pH75,GGCCAATATT+TATCGGACCG,17703797,5311,34.92,88.54
30-856094038,F2-J66-pH75,CGCAGCAATT+ATAGCGGAAT,6153192,1846,35.44,91.11
30-856094038,F2-J67-pH75,GTTCGGAGTT+TCAGAAGGCG,1923813,577,35.26,90.34
30-856094038,F2-J6-pH75,ATGTTGTTGG+TCATAGATTG,5384418,1615,35.42,91.1
30-856094038,F2-J82-pH8,AAGGAAGAGT+GCCTAACGTG,6344810,1903,34.49,86.47
30-856094038,F2-J83-pH8,ATGGCGTGCC+ACTTCAAGCG,8917427,2675,34.71,87.57
30-856094038,F2-J84-pH8,TTAACGGTGT+ACGGTCAGGA,13364032,4009,35.12,89.55
30-856094038,F2-J85-pH8,GCACCACCAA+ATCAGTACCA,6423756,1927,35.22,90.17
30-856094038,F2-J86-pH8,GATCGTCGCG+ACATATCCAG,12948702,3885,34.96,88.73
30-856094038,F2-J88-pH8,ATGGCGCCTG+AGGCCGTGGA,42204781,12661,35.34,90.69
30-856094038,F2-J89-pH8,TAATTAGCGT+TTCTTAACCA,32425140,9728,35.52,91.6
30-856094038,F2-J8-pH75,TTAACCTTCG+TGTCTGGCCT,20989728,6297,35.32,90.57
30-856094038,F2-J9-pH75,GTCCACCGCT+GCTAATAGGA,25525000,7658,35.36,90.74
